foodbankID,foodbankName,address,peopleServedMonthly,dateFounded,ownerEmail
1,Wordify,0175 Becker Hill,402,11/12/2023,msanzio0@spiegel.de
2,Twinder,30341 Myrtle Avenue,394,1/19/2024,slorkins1@tmall.com
3,Rhycero,121 Novick Plaza,379,4/26/2023,arickhuss2@joomla.org
4,Vipe,443 Rowland Alley,33,7/14/2023,karnoll3@soundcloud.com
5,Fatz,388 5th Pass,921,7/14/2023,yraistrick4@ucla.edu
6,Oyoyo,18 Sherman Parkway,654,1/24/2024,erowbottam5@apple.com
7,Pixope,54 Fieldstone Terrace,860,9/11/2023,fsanday6@addtoany.com
8,Twitterworks,85 Longview Avenue,208,9/4/2023,mtoffanini7@w3.org
9,Fadeo,35 Everett Point,713,5/16/2023,msmedmore8@vistaprint.com
10,Quimba,80 Scott Avenue,729,6/27/2023,bperrie9@free.fr
11,Dabjam,7601 Bunker Hill Way,533,6/18/2023,lwollarda@deviantart.com
12,Linkbuzz,95 Monument Terrace,701,10/7/2023,hhounshamb@github.io
13,Edgepulse,955 Mariners Cove Alley,996,3/16/2024,bbrickc@opensource.org
14,Lazzy,3 Kedzie Crossing,192,10/4/2023,obotgerd@shop-pro.jp
15,Zoonoodle,163 Service Parkway,22,10/20/2023,cspearinge@dropbox.com
16,Mynte,032 Stoughton Avenue,797,5/18/2023,eguestf@purevolume.com
17,Rhycero,7 Monica Plaza,468,8/6/2023,klimerickg@mapquest.com
18,Cogilith,15 Dawn Junction,615,11/3/2023,lborgneh@seesaa.net
19,Voonix,38374 Kenwood Park,968,11/16/2023,tmarchenkoi@examiner.com
20,Shuffledrive,98069 Mockingbird Circle,662,1/17/2024,gstanneringj@yandex.ru
21,Skyvu,83151 Barnett Place,289,11/9/2023,whussetk@go.com
22,Blogspan,8 Dakota Way,251,2/17/2024,aeylesl@histats.com
23,Mymm,8 Almo Road,904,4/23/2023,srhoddiem@ocn.ne.jp
24,Kimia,7158 Pearson Parkway,748,1/28/2024,ceverlyn@japanpost.jp
25,Brightdog,809 Dakota Hill,168,12/18/2023,croseo@ebay.com
26,Tazzy,93342 Eastwood Way,562,7/10/2023,adalgettyp@jimdo.com
27,Flashspan,8799 Mcbride Point,496,11/18/2023,schismanq@domainmarket.com
28,Yakijo,21 Heath Lane,523,1/17/2024,dgailorr@wikispaces.com
29,Dabvine,10110 Mifflin Lane,141,12/25/2023,ctorres@macromedia.com
30,Jayo,28 Heffernan Lane,147,3/2/2024,sberkelayt@prnewswire.com
31,Wordtune,0249 2nd Park,114,3/4/2024,mmquhargu@google.pl
32,Gigashots,2 Green Hill,996,12/23/2023,nkorfmannv@mail.ru
33,Voomm,7115 Anzinger Place,656,12/17/2023,lemettw@taobao.com
34,Jayo,5346 Rieder Junction,49,2/28/2024,cconnealyx@hostgator.com
35,Rhynoodle,120 Pearson Point,188,1/27/2024,akurtisy@home.pl
36,Wordify,49 Oxford Lane,226,8/19/2023,bruppz@nymag.com
37,Oba,305 Bartillon Way,318,6/26/2023,hfullylove10@deviantart.com
38,Cogidoo,3 Reindahl Street,832,5/1/2023,fflew11@tamu.edu
39,Mydeo,1743 Scott Parkway,160,6/9/2023,mpim12@imgur.com
40,Trilia,4 Springview Center,589,7/29/2023,cbailles13@mlb.com
41,Voomm,8 Logan Center,566,9/9/2023,tbrentnall14@bravesites.com
42,Trilith,421 Division Terrace,788,12/18/2023,ckynastone15@nifty.com
43,Einti,60275 Maple Lane,686,3/4/2024,okase16@altervista.org
44,Quimba,98 Bellgrove Junction,132,2/22/2024,apenner17@wufoo.com
45,Tanoodle,85 Luster Crossing,962,9/24/2023,gbread18@time.com
46,Devpoint,35270 Jenna Parkway,112,10/12/2023,eshires19@dailymail.co.uk
47,Browsetype,84717 Aberg Drive,229,7/10/2023,emacanulty1a@epa.gov
48,Ntags,23459 Scofield Point,235,4/2/2024,bhorbath1b@godaddy.com
49,Edgepulse,8146 Pine View Point,537,4/19/2023,mreuven1c@illinois.edu
50,Twinder,5307 Larry Hill,619,3/16/2024,cbarclay1d@dailymotion.com
51,Yata,37 Doe Crossing Lane,922,10/23/2023,bbatte1e@samsung.com
52,Skibox,83618 Jenifer Place,1,10/29/2023,bthorp1f@e-recht24.de
53,Devcast,27 Cambridge Alley,425,2/21/2024,apatten1g@paginegialle.it
54,Twinder,85 Florence Park,635,4/29/2023,fkimmince1h@home.pl
55,Fivespan,4 Waxwing Pass,810,4/10/2023,mwytchard1i@msn.com
56,Flashpoint,88990 Eastwood Drive,169,6/1/2023,dgookes1j@dagondesign.com
57,Twitterlist,997 Corscot Pass,518,2/27/2024,dcocks1k@typepad.com
58,Voonder,0 Golf Way,927,3/6/2024,trusted1l@hhs.gov
59,Dabfeed,59005 3rd Parkway,602,9/22/2023,sdubois1m@blog.com
60,Fatz,322 Farwell Hill,665,7/22/2023,nmcmackin1n@gnu.org
61,Minyx,2 Westerfield Plaza,550,8/18/2023,bolle1o@google.es
62,Npath,5927 Thierer Avenue,974,8/22/2023,dbushell1p@bloglovin.com
63,Geba,39 Dakota Park,601,1/1/2024,dstanbrooke1q@answers.com
64,Meezzy,0965 Amoth Park,678,11/21/2023,arozenbaum1r@imgur.com
65,Zooxo,0451 Northport Hill,700,10/22/2023,elightwing1s@wsj.com
66,Photospace,740 Lakeland Plaza,315,10/19/2023,slyvon1t@google.com.br
67,Twimbo,7 Mendota Pass,505,8/12/2023,tpascho1u@51.la
68,Voomm,607 Green Ridge Avenue,736,11/6/2023,rgross1v@economist.com
69,Thoughtstorm,76 Doe Crossing Center,239,1/23/2024,pfaint1w@reuters.com
70,Jabbercube,9489 Nelson Parkway,392,8/6/2023,fgoligly1x@vimeo.com
71,Zoombeat,30496 Sheridan Park,491,5/28/2023,hconybear1y@foxnews.com
72,Oodoo,7 Vermont Parkway,537,11/15/2023,okarpenko1z@umn.edu
73,Gevee,31708 Artisan Drive,722,7/25/2023,sdighton20@apache.org
74,Nlounge,81 Sloan Center,428,9/18/2023,tdesbrow21@barnesandnoble.com
75,Kare,02 Utah Hill,369,1/17/2024,adeglanville22@hexun.com
76,Dabshots,98 Fremont Lane,76,8/17/2023,vfantham23@irs.gov
77,Edgeblab,05121 Ilene Pass,900,11/7/2023,gkarlmann24@hibu.com
78,Yakidoo,44 Gerald Parkway,613,9/6/2023,amettricke25@wordpress.com
79,Twitterlist,44 Sycamore Terrace,711,8/13/2023,mtrood26@deliciousdays.com
80,Devpulse,86 Debs Trail,335,12/7/2023,hwanne27@woothemes.com
81,Trudeo,01100 Mitchell Street,655,8/17/2023,etebbett28@weebly.com
82,Eayo,738 Lotheville Road,161,6/25/2023,mvowles29@weebly.com
83,Jabberbean,63515 Chinook Place,100,1/22/2024,ebenkhe2a@dropbox.com
84,Vimbo,8 Clyde Gallagher Park,908,5/4/2023,fkoppelmann2b@ibm.com
85,Dynazzy,7 Harper Trail,861,3/15/2024,cfairholme2c@bigcartel.com
86,Topicstorm,9 Pawling Drive,692,4/17/2023,vcowgill2d@archive.org
87,Devpulse,73585 Dayton Point,653,11/15/2023,tkenchington2e@histats.com
88,Kayveo,558 Harbort Place,412,12/9/2023,mhubatsch2f@fda.gov
89,Pixope,80 New Castle Way,763,1/6/2024,slangham2g@google.ca
90,Wikizz,02276 Charing Cross Court,129,6/12/2023,bmuddle2h@loc.gov
91,Skynoodle,1092 American Hill,596,11/25/2023,msainsberry2i@google.cn
92,Meemm,92092 Talisman Plaza,845,12/14/2023,hspeller2j@usa.gov
93,Wikizz,148 Pearson Crossing,829,11/27/2023,rtitley2k@blogspot.com
94,Skipfire,47 Roth Road,790,10/23/2023,kcherm2l@parallels.com
95,Abata,57297 Lakewood Gardens Avenue,969,10/6/2023,mkenningham2m@sitemeter.com
96,Linklinks,9 7th Terrace,418,12/16/2023,adake2n@seattletimes.com
97,Thoughtbeat,64641 Randy Pass,825,3/4/2024,baskam2o@dmoz.org
98,Photofeed,007 Red Cloud Way,466,6/16/2023,dhawke2p@dropbox.com
99,Fivechat,584 Fairview Park,568,3/24/2024,epottell2q@cafepress.com
100,Jabberstorm,8546 Talmadge Parkway,252,12/1/2023,hkillough2r@drupal.org
101,Yombu,8398 Swallow Parkway,519,5/4/2023,afulloway2s@cbslocal.com
102,Kayveo,2 Waxwing Drive,446,7/14/2023,dstuddert2t@freewebs.com
103,Kimia,499 Gale Trail,718,1/5/2024,qblayd2u@ustream.tv
104,Wordify,33255 Valley Edge Park,446,8/24/2023,noldmeadow2v@cpanel.net
105,Twimbo,326 Blaine Court,816,10/2/2023,asheara2w@bbb.org
106,Yakijo,542 Basil Parkway,772,10/7/2023,skarpenya2x@xrea.com
107,Zazio,82547 Shelley Crossing,540,10/7/2023,rlougheid2y@google.nl
108,Centimia,6 Farragut Junction,835,2/18/2024,zcyphus2z@engadget.com
109,Babbleblab,344 Bluestem Crossing,108,3/9/2024,pfreddi30@kickstarter.com
110,Camimbo,47459 Mandrake Plaza,33,12/3/2023,owreak31@woothemes.com
111,Skilith,99 Vidon Road,180,6/21/2023,jide32@mozilla.org
112,Lazzy,63958 Milwaukee Lane,685,5/1/2023,bbonus33@chronoengine.com
113,Vinder,2 Briar Crest Drive,728,11/16/2023,randrewartha34@goo.ne.jp
114,Thoughtblab,5593 Doe Crossing Terrace,165,6/27/2023,kfolkerts35@bing.com
115,Flashspan,902 Calypso Road,315,6/14/2023,dleefe36@icio.us
116,Zoonoodle,8566 Gina Road,449,1/12/2024,caldritt37@google.com
117,Shuffletag,93122 Sutherland Lane,877,9/29/2023,kjosebury38@surveymonkey.com
118,Trudoo,769 Shopko Way,699,1/26/2024,jseager39@google.com.au
119,Voomm,6 Bluestem Lane,443,5/19/2023,fcrossdale3a@hud.gov
120,Browsetype,2440 Utah Crossing,311,10/25/2023,mbirchill3b@wunderground.com
121,Cogibox,80820 Gale Parkway,997,1/18/2024,sbatsford3c@constantcontact.com
122,Cogilith,152 Drewry Road,9,1/13/2024,wclapison3d@sbwire.com
123,Kazu,2121 Northwestern Drive,241,4/20/2023,dmimmack3e@prweb.com
124,Zoomdog,43991 Golden Leaf Parkway,568,9/15/2023,aguyonneau3f@state.gov
125,Pixonyx,8 Muir Way,884,3/9/2024,mkuhne3g@wp.com
126,Zoovu,3141 Novick Hill,898,7/5/2023,jagdahl3h@apple.com
127,Tambee,9 Stuart Circle,489,4/4/2024,lbartaletti3i@tuttocitta.it
128,Twinte,94 Scott Court,804,5/26/2023,smurthwaite3j@devhub.com
129,Mymm,4 Ridge Oak Park,173,7/28/2023,fterrazzo3k@newsvine.com
130,Twitterwire,1 Erie Park,902,9/26/2023,rkernoghan3l@t-online.de
131,Trilia,419 Autumn Leaf Circle,141,3/17/2024,spanton3m@trellian.com
132,Mynte,47 Namekagon Parkway,367,2/17/2024,pdoge3n@tmall.com
133,Rhyloo,20308 Golf Course Place,237,6/15/2023,bamburgy3o@buzzfeed.com
134,Tagfeed,84 Duke Road,421,2/17/2024,ghockell3p@posterous.com
135,Shuffledrive,321 High Crossing Parkway,986,10/31/2023,twinspear3q@guardian.co.uk
136,Fanoodle,978 Colorado Park,946,5/18/2023,eeallis3r@geocities.com
137,Livepath,303 Dottie Junction,343,12/28/2023,cgartside3s@wp.com
138,Voomm,34611 Armistice Center,794,1/31/2024,kdufty3t@360.cn
139,Topicware,24 Crest Line Way,439,2/4/2024,hquinane3u@a8.net
140,Skynoodle,193 Helena Road,685,5/18/2023,asleet3v@hud.gov
141,JumpXS,50 Trailsway Park,396,3/14/2024,ncottom3w@craigslist.org
142,Abata,68 Portage Drive,100,1/17/2024,srunham3x@infoseek.co.jp
143,Dabjam,57595 Vernon Street,254,4/3/2024,dclowser3y@paypal.com
144,Wordware,59143 Artisan Avenue,288,6/16/2023,mwoolbrook3z@narod.ru
145,Abata,7326 Stone Corner Crossing,337,10/28/2023,fpallent40@theatlantic.com
146,Dabjam,5251 Acker Terrace,484,12/1/2023,awestwick41@meetup.com
147,Yamia,2465 Waywood Plaza,729,6/29/2023,tcleaves42@hao123.com
148,Voonte,59979 Darwin Point,468,3/30/2024,mlampart43@bluehost.com
149,Wordtune,7227 North Alley,339,5/2/2023,seasom44@salon.com
150,Meezzy,92706 Hoffman Park,293,12/4/2023,mdominico45@earthlink.net
151,Skippad,7767 Mandrake Lane,817,10/6/2023,mludlem46@dell.com
152,Meeveo,40 Nevada Circle,836,12/26/2023,vbortolomei47@home.pl
153,Meemm,98848 Grasskamp Way,269,5/11/2023,mwisham48@skype.com
154,Skinte,594 Fieldstone Point,28,3/16/2024,charriot49@sphinn.com
155,Riffwire,63 Carpenter Park,387,3/7/2024,jkettleson4a@seesaa.net
156,Oyoloo,3 Mandrake Plaza,466,9/14/2023,nwiersma4b@ehow.com
157,Bubblemix,9908 Southridge Place,825,3/4/2024,egother4c@behance.net
158,Oyope,0911 Forest Crossing,550,8/22/2023,afennessy4d@ustream.tv
159,Devshare,33123 Leroy Parkway,453,6/7/2023,aboraston4e@nba.com
160,Dazzlesphere,5696 Vernon Trail,667,10/7/2023,hrobertson4f@mozilla.org
161,Miboo,865 Brickson Park Center,595,10/4/2023,kmandre4g@yelp.com
162,Myworks,4064 Clemons Crossing,66,1/17/2024,kwhebell4h@quantcast.com
163,Quatz,55 Mcbride Terrace,604,9/23/2023,bcazereau4i@timesonline.co.uk
164,Meeveo,58 Jana Way,436,6/29/2023,rpedel4j@google.com.au
165,Yambee,68 Rutledge Drive,435,4/4/2024,bgommery4k@gov.uk
166,Leenti,1889 Old Gate Place,79,7/1/2023,bpockey4l@hexun.com
167,Demivee,57 Larry Road,632,2/2/2024,jdukelow4m@harvard.edu
168,Youfeed,9 Westend Way,188,11/4/2023,mseyler4n@1und1.de
169,Edgeblab,52418 Vidon Lane,242,11/22/2023,spenas4o@unesco.org
170,Mymm,518 Walton Crossing,704,3/5/2024,shicken4p@unicef.org
171,Zoombox,3129 Russell Court,741,7/28/2023,kiglesias4q@ed.gov
172,Skynoodle,9 Thierer Terrace,648,3/17/2024,gsyseland4r@mail.ru
173,Centidel,5 Prentice Lane,959,8/30/2023,gcabena4s@state.tx.us
174,Feednation,9 Shopko Hill,686,9/23/2023,apears4t@deliciousdays.com
175,Edgetag,768 Quincy Court,633,9/18/2023,ostorm4u@linkedin.com
176,InnoZ,31250 Pleasure Junction,252,5/25/2023,tbamblett4v@studiopress.com
177,Feednation,73 Colorado Way,124,3/31/2024,fcoppin4w@liveinternet.ru
178,Feedmix,76649 Springs Avenue,929,8/4/2023,brichly4x@indiatimes.com
179,Quimm,46028 Muir Crossing,339,3/20/2024,mmcpherson4y@addthis.com
180,Eamia,71 Northview Avenue,849,5/18/2023,ggullan4z@loc.gov
181,Roomm,30798 American Ash Plaza,270,11/8/2023,tmaun50@msn.com
182,Skidoo,883 Lien Place,109,10/26/2023,aconner51@arizona.edu
183,Mycat,38305 Crest Line Avenue,814,7/25/2023,nfermoy52@networksolutions.com
184,DabZ,03 Russell Place,883,12/7/2023,porht53@deliciousdays.com
185,Trilia,81155 Michigan Park,192,8/10/2023,cdouce54@state.gov
186,Eabox,04809 Clarendon Court,875,6/8/2023,wmessager55@noaa.gov
187,Tagopia,63433 Sachtjen Junction,352,11/11/2023,hdavidowsky56@ucoz.ru
188,Kayveo,226 Oneill Street,38,1/17/2024,ekeigher57@bravesites.com
189,Voomm,00985 Dennis Avenue,682,9/20/2023,ecassam58@cam.ac.uk
190,Topiczoom,2465 Dakota Crossing,288,6/11/2023,tskrine59@mac.com
191,InnoZ,66498 Burrows Crossing,764,2/26/2024,lredihough5a@ihg.com
192,Jaxbean,02 Nova Road,646,10/6/2023,jdrane5b@alibaba.com
193,Twitterworks,0327 Magdeline Road,821,1/5/2024,acooke5c@naver.com
194,Devcast,831 Kipling Terrace,617,11/24/2023,rgarford5d@sitemeter.com
195,Rhynoodle,2006 Mesta Alley,222,1/12/2024,bwiltshire5e@goodreads.com
196,Katz,8 Di Loreto Pass,188,10/28/2023,mblondin5f@nba.com
197,Vinte,1542 Pine View Trail,126,3/22/2024,wbrewis5g@rediff.com
198,Twiyo,9045 Clove Center,746,5/27/2023,cbraker5h@berkeley.edu
199,Voonix,8490 Donald Alley,22,1/11/2024,jlove5i@google.nl
200,Skinder,8 Bellgrove Junction,573,10/1/2023,gsnufflebottom5j@wiley.com
201,Oyoba,7777 Sachtjen Avenue,636,9/9/2023,gkapelhoff5k@w3.org
202,Meeveo,8 Claremont Hill,606,11/3/2023,ngilhool5l@google.nl
203,Kwinu,8 Utah Way,549,12/2/2023,kpendrich5m@cdbaby.com
204,Wordtune,2089 Oxford Alley,392,12/4/2023,sshilburne5n@nih.gov
205,Babblestorm,55630 West Hill,796,5/19/2023,aklambt5o@i2i.jp
206,Avamm,14133 Bunker Hill Hill,616,6/22/2023,cnorthley5p@discuz.net
207,Centimia,3321 Oriole Circle,274,2/9/2024,bcrathern5q@google.com.au
208,Cogilith,77 Graceland Center,251,3/10/2024,blamborne5r@linkedin.com
209,Thoughtblab,6529 Gateway Terrace,890,10/28/2023,jnisby5s@wikimedia.org
210,Quaxo,02 Melvin Way,495,9/8/2023,hturbefield5t@mediafire.com
211,Tagpad,74660 Barnett Park,362,9/26/2023,scheasman5u@dropbox.com
212,Topicshots,0678 Kings Parkway,573,3/7/2024,dgregr5v@unicef.org
213,Myworks,20688 Summit Terrace,560,11/23/2023,rhasselby5w@ycombinator.com
214,Twitterwire,59271 Stoughton Street,239,5/23/2023,alukehurst5x@ameblo.jp
215,Realbridge,2 Fuller Trail,283,3/12/2024,cglackin5y@miitbeian.gov.cn
216,Babblestorm,8382 Clemons Junction,570,5/16/2023,wtaw5z@moonfruit.com
217,Demivee,918 Daystar Lane,223,3/22/2024,ibevens60@cpanel.net
218,Chatterbridge,7328 Southridge Point,509,8/4/2023,vhampton61@dmoz.org
219,Kaymbo,6 Cherokee Junction,77,11/8/2023,rglison62@ning.com
220,Avaveo,6 Saint Paul Place,569,5/12/2023,alown63@noaa.gov
221,Aimbu,5 Express Street,617,10/18/2023,pminchindon64@xing.com
222,Reallinks,9522 David Place,342,10/6/2023,mnormavill65@un.org
223,Izio,36464 1st Alley,559,9/26/2023,rroderighi66@washingtonpost.com
224,Demimbu,95 Columbus Parkway,761,8/9/2023,edeacock67@blogger.com
225,Jaxspan,4492 Corscot Point,374,7/23/2023,akernar68@sphinn.com
226,Bubblemix,79669 Garrison Way,945,2/5/2024,ebrimner69@cbc.ca
227,Livetube,44 Fieldstone Point,317,7/17/2023,wdoornbos6a@woothemes.com
228,Talane,3618 Haas Place,521,3/5/2024,cgwinnell6b@nih.gov
229,Photolist,732 Dawn Road,894,6/12/2023,wklasen6c@youtu.be
230,Flashset,30281 Lakewood Gardens Center,575,6/3/2023,wbrushfield6d@cafepress.com
231,Skinte,02 Prairieview Hill,138,3/31/2024,nwhitcomb6e@mozilla.org
232,Buzzdog,94311 Merry Hill,138,6/13/2023,jmill6f@shop-pro.jp
233,Rhynyx,2129 Sheridan Place,602,10/28/2023,splan6g@usgs.gov
234,Browsebug,346 Riverside Point,232,1/11/2024,msipson6h@biglobe.ne.jp
235,Browsezoom,205 Delaware Avenue,332,11/6/2023,jtalks6i@census.gov
236,Photobean,5451 Talmadge Parkway,73,9/27/2023,cadriaens6j@ezinearticles.com
237,Muxo,78 Vera Lane,972,3/2/2024,kgaller6k@delicious.com
238,Digitube,317 Mifflin Park,999,6/19/2023,ccardoso6l@salon.com
239,Aimbu,2391 Dapin Park,531,8/17/2023,mburgis6m@amazonaws.com
240,Digitube,7 Lyons Terrace,931,11/26/2023,jfielder6n@uiuc.edu
241,Brainsphere,2 Waywood Drive,344,12/23/2023,sferruzzi6o@discovery.com
242,DabZ,33326 Prairieview Place,682,8/29/2023,hloweth6p@army.mil
243,Quinu,356 Northridge Way,278,10/5/2023,eseivwright6q@parallels.com
244,Gabvine,5 Summer Ridge Drive,340,8/11/2023,pedelmann6r@zdnet.com
245,Voonder,5695 Shopko Circle,117,11/22/2023,yseemmonds6s@hud.gov
246,Quire,9614 Namekagon Plaza,471,4/21/2023,vtamblyn6t@miibeian.gov.cn
247,Mita,64483 Mendota Street,540,2/23/2024,dregnard6u@reference.com
248,Devshare,83751 Bayside Place,924,6/7/2023,tperri6v@hhs.gov
249,Lazz,6411 Sloan Pass,293,8/19/2023,ljanton6w@cbsnews.com
250,Youbridge,53482 Veith Alley,1,8/3/2023,msouthern6x@shutterfly.com
251,Zoonder,188 Di Loreto Alley,6,2/12/2024,framage6y@weebly.com
252,Livetube,891 Surrey Junction,961,3/5/2024,wmort6z@uiuc.edu
253,Zoozzy,3376 Sugar Terrace,478,12/5/2023,kdimberline70@soup.io
254,Digitube,43 Melvin Crossing,42,12/25/2023,dgehring71@mac.com
255,Aimbo,571 Oakridge Road,364,4/7/2024,nbampfield72@pbs.org
256,Kimia,940 Elka Junction,725,11/25/2023,dponte73@angelfire.com
257,Pixope,26 Carberry Parkway,286,4/19/2023,enovakovic74@paginegialle.it
258,Skajo,8627 Atwood Drive,970,4/22/2023,tjotham75@reddit.com
259,Avamm,4 Corben Avenue,173,1/9/2024,ahaydney76@ed.gov
260,Twitterlist,9 Namekagon Terrace,46,9/1/2023,sculham77@engadget.com
261,Fivespan,60 Monument Circle,589,8/4/2023,nthurling78@google.it
262,Skyble,04 Waywood Plaza,110,7/23/2023,slawler79@dedecms.com
263,Fatz,5 Independence Circle,958,11/4/2023,kdransfield7a@gov.uk
264,Skivee,85 Lakewood Gardens Street,649,9/17/2023,amowne7b@google.pl
265,Skalith,93 Oakridge Court,605,9/3/2023,ulawless7c@nbcnews.com
266,BlogXS,76 Main Parkway,46,5/31/2023,svaughn7d@about.me
267,Devpoint,423 Doe Crossing Pass,361,1/24/2024,hbatters7e@vk.com
268,Jabberbean,75 Dawn Place,899,9/21/2023,mpering7f@flickr.com
269,Eabox,06943 Red Cloud Way,633,5/2/2023,nbenoist7g@themeforest.net
270,Cogilith,32886 High Crossing Avenue,788,1/10/2024,jmathison7h@earthlink.net
271,Yamia,66550 Maywood Point,106,4/12/2023,odradey7i@squidoo.com
272,Zoomdog,72700 Ramsey Parkway,800,9/29/2023,ngentner7j@spotify.com
273,Rhynyx,770 Pepper Wood Hill,869,9/4/2023,cduligal7k@upenn.edu
274,Jayo,09 Gulseth Avenue,659,11/6/2023,fanear7l@soup.io
275,Centizu,764 Green Avenue,688,2/22/2024,fdecroix7m@moonfruit.com
276,Trudeo,758 Artisan Hill,655,5/15/2023,rbottrell7n@dion.ne.jp
277,Yambee,490 Clyde Gallagher Way,99,7/28/2023,chardinge7o@youtu.be
278,Snaptags,16867 Chive Court,766,12/27/2023,smcglashan7p@blogger.com
279,Flashspan,61063 Stoughton Way,754,11/12/2023,rpund7q@instagram.com
280,Plajo,7 Hanover Street,964,5/14/2023,mvigneron7r@jiathis.com
281,Brainsphere,0 Kenwood Place,802,7/27/2023,ebrunotti7s@nydailynews.com
282,Zoomcast,8694 8th Trail,993,7/22/2023,ciannello7t@tiny.cc
283,Izio,57716 Summerview Drive,30,11/7/2023,dtivolier7u@imageshack.us
284,Photolist,4341 Roxbury Street,777,12/24/2023,ryeabsley7v@com.com
285,Demimbu,956 Waubesa Plaza,819,3/2/2024,rwilding7w@cocolog-nifty.com
286,Kwimbee,3535 Graedel Trail,104,5/9/2023,cdevinn7x@rakuten.co.jp
287,Trunyx,3682 Little Fleur Street,839,1/25/2024,omaffini7y@google.de
288,Dynabox,7 Jackson Pass,797,8/28/2023,dmycock7z@goo.ne.jp
289,Plambee,1396 Merchant Court,620,2/9/2024,rspringthorpe80@google.com
290,Dabfeed,1808 Butterfield Park,968,5/18/2023,ggoodliffe81@upenn.edu
291,Youspan,59 Forest Way,50,6/17/2023,bclohessy82@bloomberg.com
292,Twimbo,8687 Old Gate Road,41,9/19/2023,mmcqueen83@mediafire.com
293,Mymm,334 Sundown Plaza,441,11/5/2023,awestmarland84@ask.com
294,Quatz,4 Bunker Hill Way,168,11/20/2023,cchillingworth85@phpbb.com
295,Mydo,233 South Way,841,11/12/2023,mviste86@cocolog-nifty.com
296,Topicstorm,06 Nova Way,897,11/28/2023,jtittletross87@senate.gov
297,Dabfeed,2695 Northland Alley,546,12/21/2023,dlimprecht88@tumblr.com
298,Tazz,215 American Ash Lane,717,1/6/2024,bcouche89@posterous.com
299,Thoughtblab,87 Drewry Trail,334,9/7/2023,scoggings8a@wiley.com
300,Fivespan,4 Pierstorff Way,623,2/20/2024,cbrahms8b@angelfire.com
301,Meemm,70997 Badeau Drive,812,10/29/2023,slabeuil8c@sitemeter.com
302,Yodo,822 Melody Parkway,874,12/21/2023,ccotta8d@ustream.tv
303,Pixope,3960 Waxwing Park,702,5/18/2023,icosker8e@slashdot.org
304,Riffpath,6 Maple Wood Hill,796,10/5/2023,rraspison8f@youku.com
305,Skyvu,55545 Milwaukee Drive,264,12/9/2023,vclynmans8g@ed.gov
306,Shuffledrive,9 Melvin Street,696,3/26/2024,rflament8h@ucoz.com
307,Oyoyo,42 High Crossing Avenue,505,3/8/2024,rrutter8i@taobao.com
308,Jayo,28353 Waxwing Crossing,367,7/29/2023,kdaffey8j@webnode.com
309,Wordtune,060 Menomonie Place,313,9/22/2023,tbedingfield8k@geocities.jp
310,Yata,7 Mccormick Circle,746,8/12/2023,ncreasey8l@drupal.org
311,Vinder,17777 Cherokee Trail,514,9/12/2023,cblaszczak8m@redcross.org
312,Devbug,59266 Lakewood Gardens Pass,197,2/5/2024,tfursse8n@blogs.com
313,Pixonyx,15908 Oak Valley Court,536,4/7/2024,iocleary8o@ucsd.edu
314,Innotype,591 Doe Crossing Center,836,7/6/2023,fgamlyn8p@usa.gov
315,Voomm,20 Chive Park,595,6/22/2023,lredding8q@economist.com
316,Skinte,6036 Holmberg Lane,502,8/18/2023,mberrey8r@mtv.com
317,Jabbersphere,576 Division Road,387,6/16/2023,mlorand8s@ask.com
318,Jamia,8 Northport Terrace,624,8/14/2023,chanshawe8t@goo.ne.jp
319,Babbleset,486 Crownhardt Point,595,3/2/2024,clunney8u@nsw.gov.au
320,Voonte,79 Homewood Avenue,327,1/14/2024,ctreffry8v@yahoo.com
321,Buzzster,069 Kropf Way,640,2/16/2024,zdundon8w@cam.ac.uk
322,Tekfly,386 Charing Cross Park,785,11/5/2023,mwearing8x@accuweather.com
323,Jabbersphere,0786 Southridge Circle,481,10/25/2023,mmclay8y@skyrock.com
324,Devify,33 Stang Way,686,5/15/2023,slidgley8z@abc.net.au
325,Babbleblab,34 Jackson Place,779,11/5/2023,mpudsall90@hc360.com
326,Quamba,178 Claremont Pass,662,10/16/2023,fcolerick91@theatlantic.com
327,Demimbu,66597 Pawling Way,140,6/24/2023,cfiggen92@disqus.com
328,Quimm,5057 Spaight Crossing,264,6/17/2023,laldersea93@imdb.com
329,Realpoint,5498 Mcguire Crossing,693,11/7/2023,dranahan94@prlog.org
330,Shufflester,9 Bonner Place,790,7/4/2023,tduinkerk95@deliciousdays.com
331,Divanoodle,39623 Erie Park,760,11/20/2023,bheadford96@slashdot.org
332,Kwideo,76029 Barby Court,364,10/16/2023,dbroadbury97@prnewswire.com
333,Edgeblab,9 Oxford Point,893,6/8/2023,lblase98@blogspot.com
334,Babbleopia,3959 Oneill Alley,915,12/18/2023,rwilde99@cpanel.net
335,Photojam,22843 Sunfield Alley,469,1/6/2024,hcolomb9a@wufoo.com
336,Divape,04 Kipling Pass,930,2/27/2024,cstokey9b@gravatar.com
337,Jabbersphere,57601 Delaware Pass,486,9/19/2023,hwalklate9c@wikia.com
338,Jabbertype,9 Charing Cross Way,907,3/23/2024,jredferne9d@sun.com
339,Kwimbee,65785 Old Shore Pass,603,3/1/2024,pvivers9e@usa.gov
340,Edgewire,771 Superior Center,148,4/16/2023,vchesher9f@umich.edu
341,Eidel,1 Granby Lane,378,9/28/2023,swilcox9g@sakura.ne.jp
342,Voolith,46 Dayton Drive,666,3/21/2024,jgoulter9h@miitbeian.gov.cn
343,Eidel,89831 Almo Plaza,668,1/11/2024,ecrucetti9i@paginegialle.it
344,Wikizz,615 Linden Crossing,378,12/18/2023,kgollop9j@columbia.edu
345,Dynabox,24 Homewood Terrace,316,2/23/2024,tcowton9k@cargocollective.com
346,Topicshots,798 Shoshone Crossing,6,3/1/2024,mfranchioni9l@ocn.ne.jp
347,Camido,0 Anniversary Street,203,6/7/2023,fbuttel9m@feedburner.com
348,Livepath,64 Thompson Lane,731,6/16/2023,haggiss9n@state.gov
349,Livefish,42 Hermina Hill,75,1/29/2024,wnapthine9o@dropbox.com
350,Thoughtblab,9330 Declaration Point,547,12/11/2023,agrumble9p@accuweather.com
351,Meembee,59 Larry Street,194,9/27/2023,chollier9q@google.pl
352,Livefish,9920 Spohn Crossing,83,11/26/2023,gcristofanini9r@51.la
353,Quaxo,71661 Swallow Court,267,7/26/2023,rfittis9s@ustream.tv
354,Fatz,41858 Meadow Valley Parkway,130,3/29/2024,froskelly9t@shop-pro.jp
355,Thoughtmix,54323 Bay Center,175,10/18/2023,aconelly9u@gizmodo.com
356,Yambee,0409 Service Street,384,2/23/2024,cmatteoni9v@toplist.cz
357,Kwideo,7696 Mendota Parkway,431,9/1/2023,cjimeno9w@blogtalkradio.com
358,Mydeo,2 Kennedy Trail,457,5/8/2023,edrinnan9x@japanpost.jp
359,Janyx,6 Dottie Alley,762,8/20/2023,rkemson9y@about.com
360,Jatri,860 Fallview Park,377,7/1/2023,rtremelling9z@senate.gov
361,Skivee,18668 Northport Circle,118,4/5/2024,swindusa0@disqus.com
362,Meedoo,69432 Clove Road,102,1/5/2024,ffassbindlera1@google.es
363,Meezzy,5 Mccormick Trail,283,11/13/2023,kmccomba2@java.com
364,Vidoo,5896 Melrose Plaza,515,9/15/2023,munderhilla3@netscape.com
365,Voonyx,12109 Glendale Park,187,7/9/2023,smartona4@infoseek.co.jp
366,Ntag,3 Londonderry Center,498,1/26/2024,thallowella5@java.com
367,Tazz,38087 Dunning Hill,340,6/5/2023,eathera6@businesswire.com
368,Buzzster,78744 Jana Place,210,8/1/2023,jringea7@behance.net
369,Fadeo,8 Brentwood Trail,252,5/20/2023,ckaasmanna8@stumbleupon.com
370,Dabvine,078 Talmadge Place,560,4/6/2024,wweatherburna9@phpbb.com
371,Zoovu,70851 Fair Oaks Way,874,3/20/2024,mpauleauaa@hexun.com
372,Browsedrive,61408 Starling Trail,283,2/15/2024,ehalstedab@cnet.com
373,Youspan,823 Washington Pass,243,7/29/2023,yhablotac@scientificamerican.com
374,Zazio,752 Elgar Hill,900,9/25/2023,pfontelad@salon.com
375,Bubblebox,61 Coolidge Park,660,6/29/2023,sferenceae@ucsd.edu
376,Yotz,3 Mayer Hill,332,7/16/2023,vfineyaf@infoseek.co.jp
377,Camido,171 Rowland Pass,675,9/13/2023,cashmoreag@elegantthemes.com
378,Vidoo,968 Elmside Circle,397,4/10/2023,jlawryah@deliciousdays.com
379,Buzzbean,92255 Saint Paul Pass,677,1/15/2024,mboykettai@techcrunch.com
380,Realcube,57 Manufacturers Court,924,11/24/2023,tbrimneraj@wordpress.org
381,Chatterbridge,44 Hermina Park,843,10/8/2023,nubeeak@ed.gov
382,Feedfire,9413 Scofield Drive,828,6/16/2023,vgortonal@google.com.br
383,Feedmix,82513 Hoepker Drive,20,7/17/2023,gpenhaleam@epa.gov
384,Twinder,16 Esch Lane,853,6/1/2023,ehuskissonan@blogtalkradio.com
385,Feedfish,37 Ludington Avenue,564,1/30/2024,bpurdonao@spotify.com
386,Brainsphere,7219 Sherman Alley,38,9/21/2023,abahiaap@yelp.com
387,Kayveo,9 Corry Court,79,3/29/2024,jkernockaq@bloglovin.com
388,Agivu,00 Hermina Park,699,1/12/2024,cstockillar@indiatimes.com
389,Rhynyx,0 Kim Plaza,692,3/24/2024,cshepherdas@dyndns.org
390,Zoozzy,7 Orin Court,369,1/23/2024,edelaperrelleat@soup.io
391,BlogXS,3498 Mandrake Place,764,11/5/2023,ethomenau@constantcontact.com
392,Janyx,0 2nd Road,864,8/1/2023,smiddasav@nps.gov
393,Brainbox,0983 Rutledge Crossing,21,2/11/2024,bgilardoniaw@e-recht24.de
394,Rhyloo,7 Riverside Park,617,8/25/2023,ddelahuntax@statcounter.com
395,Twitterwire,237 Starling Point,995,1/6/2024,cchettleay@etsy.com
396,Trudoo,19 Carberry Court,257,11/6/2023,cflorioaz@phoca.cz
397,Trudeo,53913 Goodland Point,445,2/26/2024,rpennellsb0@sourceforge.net
398,Fliptune,4 Loftsgordon Plaza,380,9/21/2023,rcantleb1@mediafire.com
399,Skilith,4519 Melby Street,911,9/14/2023,abuntenb2@yellowbook.com
400,Skiba,051 Petterle Court,479,4/3/2024,dfishb3@barnesandnoble.com
401,Skipfire,24 Susan Alley,131,4/19/2023,swincklesb4@bizjournals.com
402,Topiczoom,7216 Susan Circle,710,8/17/2023,tparsonsb5@surveymonkey.com
403,Devpulse,73 Monica Avenue,350,11/18/2023,mhuneb6@google.com.au
404,Meejo,42 Dexter Street,663,9/15/2023,tciccottob7@hibu.com
405,Meevee,5 Stoughton Road,943,7/29/2023,jbravingtonb8@hibu.com
406,Blogtags,52227 Summit Way,613,5/2/2023,cwildingb9@miitbeian.gov.cn
407,Mynte,546 Del Sol Park,308,3/30/2024,rseekingsba@ox.ac.uk
408,Rhybox,2777 Randy Terrace,591,7/27/2023,ikauffmanbb@sun.com
409,Edgeify,1254 Loomis Plaza,908,6/2/2023,lriattbc@macromedia.com
410,Realbridge,6 Hintze Lane,117,6/11/2023,kvauxbd@plala.or.jp
411,Ainyx,43 Lakewood Pass,486,7/29/2023,gfollisbe@deliciousdays.com
412,Edgeify,610 Spohn Terrace,457,1/11/2024,nsesserbf@qq.com
413,Yakidoo,8 Park Meadow Lane,135,12/27/2023,erickardesbg@globo.com
414,Myworks,4 Helena Junction,195,7/3/2023,kstodhartbh@hostgator.com
415,Wikibox,0348 Fallview Hill,622,2/19/2024,dmoaksonbi@indiegogo.com
416,Brainbox,1781 Sloan Avenue,407,11/25/2023,rgeraldbj@geocities.jp
417,Leexo,76036 Forest Dale Crossing,779,4/25/2023,cmckissackbk@geocities.com
418,Yabox,71679 Waubesa Center,17,6/25/2023,cmeehanbl@patch.com
419,Vimbo,11 Northland Road,991,2/26/2024,agligoracibm@reference.com
420,Brightbean,2 Kensington Avenue,208,9/8/2023,bsealebn@archive.org
421,Photobean,480 Old Shore Junction,42,3/18/2024,aloadsmanbo@vk.com
422,Trunyx,05118 Riverside Place,870,5/25/2023,tradeliffebp@usda.gov
423,Vipe,651 Sunnyside Point,294,9/1/2023,gkinzelbq@washington.edu
424,Realcube,8 Fisk Plaza,979,10/24/2023,bvanrossbr@symantec.com
425,Devbug,32 High Crossing Lane,719,5/13/2023,gplaicebs@51.la
426,Innojam,0838 Crowley Point,344,10/26/2023,cmcneighbt@oaic.gov.au
427,Skimia,55046 Gale Center,330,10/24/2023,ltreleavenbu@hibu.com
428,Latz,9755 Lighthouse Bay Street,136,7/13/2023,cmemorybv@oracle.com
429,Yodo,3034 Sunbrook Avenue,837,10/21/2023,cbroadwaybw@yellowpages.com
430,Yakitri,956 Schmedeman Road,444,10/14/2023,lstrutleybx@prweb.com
431,Meetz,5415 Atwood Plaza,187,3/3/2024,africkerby@wiley.com
432,Lazz,9730 Trailsway Center,657,12/25/2023,kbusselbz@state.tx.us
433,Skyble,889 Walton Pass,556,8/9/2023,dclareyc0@state.gov
434,Yodo,487 Messerschmidt Street,853,1/26/2024,bpilbeamc1@dmoz.org
435,Linkbridge,450 Shopko Trail,966,7/5/2023,mceelyc2@istockphoto.com
436,Gabtype,574 2nd Alley,146,6/2/2023,twhichelowc3@bloglines.com
437,Dynazzy,28 Westridge Road,603,6/15/2023,kdoublec4@weather.com
438,Wordtune,74276 Butterfield Pass,588,7/19/2023,bpawelsc5@howstuffworks.com
439,Myworks,615 Rusk Trail,850,2/4/2024,meldridgec6@naver.com
440,Pixope,055 Huxley Place,836,5/20/2023,ahawkenc7@yahoo.co.jp
441,Divanoodle,02 Delaware Terrace,837,2/24/2024,kfurnivalc8@scientificamerican.com
442,Gabtype,688 Mosinee Road,344,9/7/2023,mlamkec9@toplist.cz
443,Linkbuzz,95633 Crowley Junction,946,10/7/2023,bgregoraceca@nih.gov
444,Divape,0039 Bluestem Drive,820,8/2/2023,smowsdillcb@networkadvertising.org
445,Eabox,478 Moulton Point,32,6/21/2023,aworsfieldcc@cnn.com
446,Kwideo,6178 Lake View Road,873,6/29/2023,sgrimescd@digg.com
447,Flipstorm,326 Veith Alley,396,12/11/2023,fvannucciniice@baidu.com
448,Wordtune,915 Meadow Vale Road,743,12/14/2023,sparnellcf@bloomberg.com
449,Avamba,4 Stang Center,353,12/18/2023,wbradwellcg@cmu.edu
450,Skiptube,66625 Iowa Junction,261,5/17/2023,jskaifch@godaddy.com
451,Feedfire,49 Johnson Avenue,322,5/7/2023,rshrieveci@ihg.com
452,Latz,32995 Dahle Alley,258,1/31/2024,badolfsencj@godaddy.com
453,Trilia,2448 Gina Court,292,7/24/2023,omcsarryck@clickbank.net
454,Realblab,5180 Crest Line Parkway,708,8/14/2023,rjershcl@google.co.jp
455,Edgeblab,99 Meadow Vale Way,155,10/8/2023,rleblanccm@wp.com
456,Buzzdog,99202 Pennsylvania Park,542,2/22/2024,rwapolcn@ftc.gov
457,Gabtype,6 Clove Drive,307,3/8/2024,scristofaninico@oakley.com
458,Dazzlesphere,04 Prairie Rose Circle,595,10/31/2023,bjanascp@weebly.com
459,Devpoint,367 Butternut Way,164,9/28/2023,tworgancq@behance.net
460,Fiveclub,9057 Sugar Trail,172,10/14/2023,mfuluncr@blogger.com
461,Centidel,95 Dovetail Alley,743,6/12/2023,sgiacopettics@themeforest.net
462,Kaymbo,9 Commercial Street,821,12/30/2023,shucct@comcast.net
463,Zooxo,55 Shopko Terrace,531,11/28/2023,jellsworthecu@artisteer.com
464,Zoomlounge,63 Rieder Court,577,4/22/2023,rfreibergcv@merriam-webster.com
465,Voolia,5 Gale Trail,328,3/4/2024,mlondoncw@ft.com
466,Feedspan,8 Mayer Road,78,3/4/2024,mgiacopinicx@prnewswire.com
467,Photolist,483 Gateway Plaza,579,12/31/2023,mtomaszynskicy@bloomberg.com
468,Skajo,1297 Eagan Center,263,11/27/2023,ggrigoirecz@wp.com
469,Realcube,5 Karstens Junction,131,4/22/2023,dbuttressd0@dyndns.org
470,Edgeblab,057 Grasskamp Lane,511,10/18/2023,cdowerd1@paypal.com
471,Buzzbean,5 Buhler Lane,799,10/5/2023,eheskind2@cdbaby.com
472,Bluezoom,1 Raven Plaza,349,9/23/2023,aokkerd3@linkedin.com
473,Brightbean,67 Colorado Alley,692,11/15/2023,mbradnickd4@japanpost.jp
474,Voonyx,6 Everett Trail,742,7/12/2023,ftornsd5@mapquest.com
475,Leenti,12765 Drewry Way,225,1/4/2024,gelphinstoned6@alexa.com
476,Tagopia,9 Swallow Plaza,546,12/31/2023,emasselind7@1688.com
477,Youopia,2205 Shasta Place,552,6/15/2023,ncostelld8@redcross.org
478,Mynte,5 Sherman Place,137,9/3/2023,sbellid9@hostgator.com
479,Shufflebeat,7 Calypso Court,561,7/30/2023,grichardonda@cargocollective.com
480,Flipopia,811 Village Plaza,713,11/1/2023,sladeldb@ovh.net
481,Oyondu,037 Vidon Court,876,12/1/2023,nsommervilledc@dion.ne.jp
482,Youspan,6701 Algoma Center,153,10/3/2023,agoggeydd@rediff.com
483,Avaveo,8808 Dottie Center,34,6/2/2023,gmanzellde@360.cn
484,Tambee,8 Pleasure Drive,994,3/8/2024,dslopierdf@google.ru
485,Shuffletag,1 Fisk Pass,418,7/5/2023,fmongenotdg@cpanel.net
486,Blogpad,8 Coleman Center,921,8/14/2023,mgablerdh@barnesandnoble.com
487,Babbleset,6723 Mandrake Place,922,10/12/2023,sjammedi@earthlink.net
488,Zooxo,74 Harper Way,870,10/14/2023,crosendahldj@mapquest.com
489,Skipstorm,2706 Farragut Court,330,8/2/2023,ugaggdk@xing.com
490,Skynoodle,3 Granby Center,265,8/17/2023,sdeshondl@scientificamerican.com
491,Dabvine,73639 Pepper Wood Place,387,4/19/2023,rgianninottidm@economist.com
492,Skipfire,5 Ridge Oak Trail,748,6/17/2023,worgandn@quantcast.com
493,Twinder,081 Myrtle Circle,235,4/7/2024,rlitsterdo@so-net.ne.jp
494,Skiptube,1 Commercial Circle,21,4/16/2023,aspauntondp@utexas.edu
495,Zazio,7778 Lyons Center,957,7/18/2023,lsheircliffedq@skype.com
496,Devpulse,094 Springview Parkway,457,7/31/2023,creditdr@gov.uk
497,Devshare,5600 Valley Edge Trail,558,11/7/2023,dgeakeds@paginegialle.it
498,Dabfeed,4777 Menomonie Street,714,10/17/2023,dcambledt@goo.gl
499,Jabbertype,60217 Randy Lane,453,8/8/2023,mtrenfielddu@blinklist.com
500,Buzzshare,0 Ridgeway Circle,623,8/23/2023,gattacdv@uiuc.edu
501,Abata,8 Starling Avenue,12,9/9/2023,vmcparlindw@phoca.cz
502,Aibox,1 Gina Trail,139,5/28/2023,hwrenndx@woothemes.com
503,Cogibox,90763 Oxford Place,389,1/15/2024,srapindy@pinterest.com
504,Brightdog,0535 Brickson Park Way,883,10/18/2023,jkilpindz@wikia.com
505,Yakijo,5 Porter Road,746,8/8/2023,scoarde0@europa.eu
506,Linktype,6090 Bay Trail,507,1/19/2024,mpitchforde1@so-net.ne.jp
507,Realcube,2 West Drive,582,6/7/2023,enewborne2@friendfeed.com
508,Tekfly,9 Farragut Junction,193,6/13/2023,abellenye3@fema.gov
509,Tekfly,3971 Texas Way,562,12/8/2023,vtattame4@dell.com
510,Tagfeed,88692 Milwaukee Way,674,12/18/2023,meathertone5@harvard.edu
511,Thoughtstorm,86289 Troy Lane,162,1/10/2024,wbrambleye6@arizona.edu
512,Thoughtbridge,8735 Lillian Street,592,10/5/2023,atilbrooke7@booking.com
513,Flashpoint,15868 American Ash Junction,255,12/21/2023,dmargreme8@huffingtonpost.com
514,Dabvine,8 Anthes Alley,796,4/27/2023,jhanscombee9@mozilla.org
515,Livefish,0948 Huxley Parkway,256,6/23/2023,hphilpottea@merriam-webster.com
516,Eidel,18 Fairview Way,798,2/23/2024,amcmenamineb@cbsnews.com
517,Quire,1 Dorton Drive,317,3/30/2024,mpetersonec@mozilla.org
518,Kazio,4013 Anniversary Pass,975,3/23/2024,dgiottinied@discuz.net
519,Vidoo,66 Kensington Circle,624,10/17/2023,atenmanee@creativecommons.org
520,Trudoo,129 Dunning Avenue,830,8/4/2023,fparkissonef@istockphoto.com
521,Meetz,357 Helena Avenue,993,9/7/2023,hgookeg@youtube.com
522,Fliptune,68 Welch Crossing,358,3/14/2024,ldroganeh@netlog.com
523,LiveZ,78155 Roxbury Way,990,12/29/2023,lbillionei@icq.com
524,Linkbridge,1254 Hovde Plaza,640,5/7/2023,tsamuelsej@elegantthemes.com
525,Vipe,03 Mockingbird Parkway,458,1/29/2024,kstermanek@imageshack.us
526,Tambee,21277 Monterey Drive,424,4/4/2024,mcarlettoel@msu.edu
527,Divape,480 Independence Terrace,313,11/16/2023,kskuneem@phpbb.com
528,Rhyzio,13 Lillian Circle,257,7/8/2023,cmurrthumen@comsenz.com
529,Mymm,60 Chive Point,270,7/24/2023,jkochseo@t-online.de
530,Edgetag,5 Doe Crossing Parkway,67,4/3/2024,skalinskyep@home.pl
531,Lajo,1 Starling Center,838,2/2/2024,nstobbseq@youtu.be
532,Omba,1 Pankratz Lane,308,7/22/2023,lebbser@google.com.au
533,Feednation,940 Nobel Terrace,121,8/17/2023,omacritchiees@engadget.com
534,Trilith,34231 Vidon Lane,819,8/17/2023,acardinaleet@businessweek.com
535,Realbridge,35 Schurz Avenue,508,8/26/2023,fmoeneu@geocities.jp
536,Zoozzy,2304 Veith Junction,74,7/10/2023,rwellstoodev@goo.ne.jp
537,Kanoodle,0 1st Park,726,10/13/2023,ecalytonew@wikispaces.com
538,Realpoint,245 Stang Avenue,866,3/28/2024,oklaiserex@aol.com
539,Yodoo,35964 Blackbird Road,825,1/3/2024,buvedaleey@163.com
540,Gigazoom,33117 Fulton Point,171,7/15/2023,lfosdykeez@house.gov
541,Teklist,47897 Crest Line Alley,360,10/27/2023,bdewickf0@ovh.net
542,Kaymbo,51661 Corry Place,699,1/20/2024,bchardinf1@blog.com
543,Voolia,038 Walton Road,872,3/30/2024,sfoleyf2@usgs.gov
544,Gabtune,2 Johnson Junction,128,10/10/2023,arowlstonef3@illinois.edu
545,Tagcat,33758 Stang Terrace,581,10/4/2023,gboysonf4@icio.us
546,Kazio,7051 Farmco Junction,817,1/15/2024,oroddenf5@topsy.com
547,Quamba,77379 Bluejay Point,479,3/25/2024,ahenworthf6@fda.gov
548,Photojam,5476 Lawn Plaza,631,1/5/2024,zdavauxf7@bbc.co.uk
549,Tagopia,6 Veith Trail,681,7/24/2023,nreignoldsf8@sfgate.com
550,Browsedrive,3 Cambridge Street,339,2/21/2024,cmenichinif9@epa.gov
551,Quinu,450 Larry Terrace,532,1/25/2024,rdwirefa@comsenz.com
552,Divavu,80 New Castle Junction,480,10/23/2023,jhuefb@netscape.com
553,Voolia,07 Roth Court,176,3/31/2024,tvanderbeekfc@abc.net.au
554,Demivee,009 Sloan Street,25,4/1/2024,hsnapfd@typepad.com
555,Ainyx,62181 Muir Lane,147,1/5/2024,sjirusfe@mayoclinic.com
556,Riffpath,29853 Jay Circle,852,6/26/2023,ebaileff@last.fm
557,Photobug,082 7th Plaza,223,1/13/2024,ehedlingfg@bravesites.com
558,Cogilith,41 Golf Course Drive,95,7/29/2023,rkordtfh@seesaa.net
559,Vinte,2064 Hoepker Park,26,10/13/2023,gstampfi@irs.gov
560,Gabspot,29609 Utah Lane,625,4/24/2023,pbartusekfj@is.gd
561,Geba,5 Ronald Regan Park,701,9/8/2023,ylovelockfk@ocn.ne.jp
562,Tagcat,2 Sachtjen Alley,621,2/22/2024,taylinfl@booking.com
563,Youspan,18 Golden Leaf Road,952,7/4/2023,lbleasfm@oakley.com
564,Ailane,1 Pine View Terrace,5,3/29/2024,vrennockfn@nbcnews.com
565,Flipbug,01 4th Way,971,4/21/2023,mcollerdfo@elegantthemes.com
566,BlogXS,0317 Westend Drive,907,3/3/2024,mhancockfp@umn.edu
567,Gabtune,45088 American Place,434,3/7/2024,mcrippenfq@wikia.com
568,Meezzy,426 Vera Junction,962,10/22/2023,sdolohuntyfr@eventbrite.com
569,Riffwire,9 Del Mar Junction,98,2/11/2024,ngurysfs@ycombinator.com
570,Bluejam,490 Meadow Valley Court,1000,7/27/2023,mimpyft@ucla.edu
571,Babbleopia,535 Amoth Alley,904,5/13/2023,hbruslefu@google.com
572,Yoveo,883 Clemons Road,623,3/27/2024,dpowderhamfv@ftc.gov
573,Yambee,2024 Quincy Plaza,264,7/4/2023,gjakubovitchfw@seesaa.net
574,Snaptags,70 Northport Park,670,3/6/2024,ntillotfx@jigsy.com
575,Wikibox,9717 Coleman Street,424,10/5/2023,lbeetlesfy@vinaora.com
576,Livefish,2 Ludington Drive,144,12/19/2023,klarradfz@free.fr
577,Rhybox,480 Merrick Way,841,3/29/2024,ekezorg0@t.co
578,Plambee,9669 High Crossing Parkway,952,8/7/2023,jmcgilbeng1@prnewswire.com
579,Wikizz,722 Fremont Hill,644,6/6/2023,ehoodlassg2@google.es
580,Tagopia,67035 Melvin Road,116,5/25/2023,dpoultneyg3@narod.ru
581,Riffpath,7 Hanover Circle,912,6/21/2023,rmuckiang4@photobucket.com
582,Jabbercube,96996 Cascade Alley,867,10/29/2023,cflanneryg5@amazonaws.com
583,Leexo,9229 Pepper Wood Court,245,11/16/2023,phaackerg6@microsoft.com
584,Linkbridge,8116 Susan Alley,620,4/26/2023,jfarrong7@nytimes.com
585,Dynabox,5 Portage Way,799,9/18/2023,amccrearyg8@lulu.com
586,Devify,92 Carey Crossing,800,7/15/2023,wdurrang9@cyberchimps.com
587,Quatz,89 Weeping Birch Street,989,10/6/2023,cfrakega@reference.com
588,Aimbo,35360 Mccormick Junction,345,9/24/2023,mdivisgb@spotify.com
589,Photolist,30730 Artisan Hill,891,4/24/2023,dattoegc@wired.com
590,Twitterwire,14 Starling Court,810,2/18/2024,bferogd@guardian.co.uk
591,Quaxo,400 Dahle Crossing,278,1/8/2024,fmongetge@indiegogo.com
592,Vinte,9 Delaware Plaza,348,5/19/2023,bhabingf@hibu.com
593,Photofeed,369 Myrtle Junction,714,9/3/2023,emaddickgg@mediafire.com
594,Meedoo,5 Hudson Street,705,7/7/2023,cglazegh@huffingtonpost.com
595,Realcube,64918 Michigan Drive,628,2/25/2024,kboultongi@phoca.cz
596,JumpXS,9446 Melody Road,880,1/27/2024,rzannolligj@berkeley.edu
597,Divape,9127 Nancy Crossing,593,4/27/2023,nmansergk@google.nl
598,Skipfire,46 Bunker Hill Plaza,939,5/21/2023,mschottligl@usa.gov
599,Pixope,1 Loomis Crossing,703,11/21/2023,chalegm@who.int
600,Centizu,105 Center Terrace,561,2/2/2024,lkleinermangn@cam.ac.uk
601,Rhyloo,70127 Cardinal Junction,955,9/7/2023,mflobertgo@live.com
602,Realblab,2 Sundown Lane,846,7/10/2023,aplentygp@biglobe.ne.jp
603,Tagfeed,110 Union Parkway,59,4/18/2023,ehallstonegq@ustream.tv
604,Bluezoom,1884 Mayfield Hill,448,7/7/2023,gbarriegr@imageshack.us
605,Gabtune,34783 Saint Paul Parkway,238,12/14/2023,bnapoligs@narod.ru
606,Devbug,556 Fulton Pass,639,9/13/2023,vgendersgt@facebook.com
607,Voonyx,2 Dapin Plaza,591,8/31/2023,acantillongu@icq.com
608,Zooveo,3 Hoffman Avenue,111,10/27/2023,sbathowegv@surveymonkey.com
609,Yamia,8031 Ryan Place,986,12/5/2023,mgainforthgw@xinhuanet.com
610,Katz,3 Moland Trail,103,2/12/2024,cepinegx@lycos.com
611,Babbleopia,400 Haas Drive,658,11/26/2023,oscurmangy@google.cn
612,Geba,70130 Dexter Circle,901,1/3/2024,hbousquetgz@economist.com
613,Dabshots,1335 Boyd Lane,584,7/7/2023,mstrangeh0@sourceforge.net
614,Flashspan,79861 Spohn Court,261,8/21/2023,jpiscopoh1@delicious.com
615,Ntags,089 Duke Drive,743,4/12/2023,pruddochh2@stanford.edu
616,Photobean,9 Sunbrook Way,672,4/21/2023,rreekenh3@ycombinator.com
617,Ozu,7427 Mosinee Way,282,5/31/2023,hhammandh4@chron.com
618,Flashdog,11266 Fordem Street,52,10/13/2023,dbeevish5@tinyurl.com
619,Realmix,0 Farwell Court,620,8/8/2023,pwadleyh6@fastcompany.com
620,Skipstorm,51 Superior Lane,274,5/18/2023,elangridgeh7@va.gov
621,Fivebridge,8 Pawling Court,423,9/16/2023,afordyceh8@i2i.jp
622,Livetube,65 Esker Place,264,2/17/2024,mwalklotth9@cafepress.com
623,Twimbo,135 Stoughton Alley,171,2/17/2024,kferrantha@craigslist.org
624,Voomm,6930 Stang Lane,346,10/27/2023,jchattockhb@accuweather.com
625,Geba,9892 Roxbury Center,517,9/23/2023,pgoodhayhc@com.com
626,Youspan,1 Hallows Center,176,3/22/2024,bfeigehd@imgur.com
627,Skipstorm,7230 Lyons Road,832,7/7/2023,dmarkwelleyhe@ycombinator.com
628,Zoonder,6515 Ruskin Avenue,765,1/7/2024,etowsiehf@feedburner.com
629,Jabbertype,7 Talisman Road,960,7/16/2023,trichfieldhg@csmonitor.com
630,Meevee,6030 Ramsey Crossing,268,1/25/2024,lhansillhh@skyrock.com
631,Jaxworks,31180 Arizona Parkway,245,8/28/2023,bunwinshi@com.com
632,Quaxo,00 Sunbrook Circle,966,4/10/2023,gpenchenhj@bluehost.com
633,Fiveclub,4 Iowa Trail,178,12/20/2023,adarragonhk@telegraph.co.uk
634,Feednation,71779 New Castle Drive,292,2/1/2024,lbowbrickhl@cnet.com
635,Omba,31097 Magdeline Plaza,776,6/18/2023,pwandrichhm@cocolog-nifty.com
636,Dynabox,3 Sunfield Crossing,896,3/19/2024,bitscovitzhn@tripod.com
637,Babbleblab,3 Scott Pass,822,6/21/2023,sbartaliniho@weebly.com
638,Flashspan,659 Ridgeview Lane,401,4/18/2023,eskermhp@skype.com
639,Gabvine,90 Bowman Circle,226,7/16/2023,againsfordhq@utexas.edu
640,Dynazzy,95909 Grover Hill,839,3/31/2024,sgladdorhr@unblog.fr
641,Janyx,2 4th Avenue,599,5/23/2023,owinsiowieckihs@ehow.com
642,Riffpath,0221 Graedel Drive,635,1/5/2024,grennicksht@google.ca
643,Mynte,64 Drewry Parkway,961,3/11/2024,pwilfingerhu@4shared.com
644,Devcast,7070 Westridge Way,328,4/18/2023,tcalderonellohv@vistaprint.com
645,Skinder,14035 Starling Crossing,447,10/15/2023,mdobererhw@examiner.com
646,Linktype,47 Crest Line Road,343,2/28/2024,lfanehx@fastcompany.com
647,Gabvine,50 Acker Avenue,166,10/1/2023,jcudhy@xrea.com
648,Meezzy,882 Jay Terrace,850,11/15/2023,jtremellanhz@harvard.edu
649,Ozu,92293 Starling Drive,838,1/2/2024,jstainsi0@tiny.cc
650,Oyoba,9783 Green Plaza,59,8/10/2023,kbricknalli1@vinaora.com
651,Zoonder,1 Leroy Street,418,1/18/2024,kferbyi2@businesswire.com
652,Oyondu,40 Rockefeller Road,835,1/26/2024,sfawdreyi3@nifty.com
653,Edgeify,424 Gina Way,49,1/14/2024,dbumphriesi4@prnewswire.com
654,Centimia,874 Bashford Crossing,491,1/5/2024,hgavini5@google.it
655,Dynabox,66 Crowley Hill,254,6/4/2023,sratledgei6@jigsy.com
656,Yacero,40 7th Pass,766,3/26/2024,pbowicki7@example.com
657,Yacero,278 Crescent Oaks Place,333,11/24/2023,egladhilli8@dailymotion.com
658,Mydo,14 Havey Drive,360,12/27/2023,sfleemani9@businessweek.com
659,Wordify,8464 Reinke Parkway,604,11/15/2023,calphonsoia@sbwire.com
660,Blogtag,58 Novick Way,158,5/8/2023,twappleib@hhs.gov
661,Kaymbo,03 Gateway Lane,966,12/30/2023,bgouninic@rediff.com
662,Meembee,862 Bartelt Drive,771,1/11/2024,lpinchbeckid@aboutads.info
663,Browseblab,13019 Burning Wood Lane,549,3/7/2024,ayoungloveie@nifty.com
664,Abatz,125 Ronald Regan Court,195,2/27/2024,frichardsif@npr.org
665,Plajo,041 Elka Alley,973,6/27/2023,gredemileig@freewebs.com
666,Wordify,7 Erie Plaza,791,6/18/2023,habramcikih@webs.com
667,Avaveo,77 Homewood Drive,928,2/29/2024,kscurreyii@epa.gov
668,Teklist,2194 Harbort Center,86,8/6/2023,cmadleij@jiathis.com
669,Dabfeed,20039 Vidon Lane,15,9/11/2023,gfilsonik@e-recht24.de
670,Geba,09901 Sommers Circle,156,3/28/2024,blissandriniil@theatlantic.com
671,Babblestorm,7 Maple Wood Center,863,8/12/2023,afidellim@livejournal.com
672,Leexo,892 Havey Drive,670,2/23/2024,wtoozein@hp.com
673,Devcast,89 Village Drive,411,11/28/2023,bbombio@mtv.com
674,Topdrive,80 American Alley,601,9/16/2023,ndoonicanip@skype.com
675,Riffwire,67553 Alpine Circle,91,12/27/2023,cishchenkoiq@mozilla.com
676,Feednation,11 Sundown Drive,157,10/21/2023,haldrittir@wikispaces.com
677,Shufflester,35248 Linden Hill,371,8/23/2023,jevamyis@flickr.com
678,BlogXS,4036 Hanson Lane,525,4/29/2023,psheasbyit@yandex.ru
679,Snaptags,29186 Delladonna Pass,511,9/14/2023,kdibernardoiu@gizmodo.com
680,Yata,5 Judy Avenue,734,3/11/2024,gshallooiv@imageshack.us
681,Abata,4928 Gerald Place,487,4/23/2023,adumbrelliw@pcworld.com
682,Fivespan,29508 Cardinal Hill,276,3/25/2024,ngerramix@wunderground.com
683,Thoughtbeat,23407 Ridge Oak Crossing,535,10/13/2023,ccharpiniy@cocolog-nifty.com
684,Gigabox,3 Mariners Cove Avenue,663,2/21/2024,gurioniz@amazonaws.com
685,Roomm,6 Warbler Circle,1000,4/14/2023,rkeatingj0@squarespace.com
686,Oyope,46516 American Avenue,57,9/9/2023,cwalcherj1@harvard.edu
687,LiveZ,85541 Schiller Court,681,8/20/2023,sotierneyj2@gov.uk
688,Skippad,8 Sullivan Street,679,8/29/2023,dmurtyj3@nbcnews.com
689,Skinix,94 Lakeland Center,75,3/9/2024,mcotaj4@fastcompany.com
690,Oyondu,37 Prairieview Court,668,1/22/2024,chuckellj5@princeton.edu
691,Chatterbridge,439 Hoepker Road,422,9/6/2023,sarnaldyj6@ft.com
692,Dynazzy,346 Independence Trail,377,2/9/2024,bdecrucej7@seattletimes.com
693,Topicstorm,6 Carpenter Avenue,408,11/27/2023,bwathellj8@taobao.com
694,Miboo,01418 Canary Circle,902,1/26/2024,tfritchlyj9@slate.com
695,Dabjam,3 Nancy Park,657,6/3/2023,cardleyja@mysql.com
696,Oyondu,134 Sauthoff Trail,592,4/30/2023,amordejb@tinypic.com
697,Riffpedia,4944 Schlimgen Street,99,1/19/2024,agrimmettjc@tuttocitta.it
698,Yodel,39 Meadow Ridge Center,181,3/11/2024,blavallejd@csmonitor.com
699,LiveZ,80725 Ohio Lane,628,12/7/2023,nbirchje@weibo.com
700,Tagtune,142 Grasskamp Hill,702,2/19/2024,kbraysherjf@redcross.org
701,Eazzy,32125 Luster Pass,466,12/22/2023,bposseltjg@flickr.com
702,Topicware,2662 Maywood Street,145,6/14/2023,nnowickjh@pcworld.com
703,Teklist,0725 Melody Center,96,4/10/2023,fbudibentji@weibo.com
704,Yabox,9 Mockingbird Circle,68,6/27/2023,hmarchamjj@multiply.com
705,Kazio,83152 Thompson Junction,22,2/27/2024,hpatzeltjk@phpbb.com
706,Aivee,40 Hudson Circle,643,5/1/2023,avasyaginjl@answers.com
707,Fatz,16 Grayhawk Junction,574,2/21/2024,nloveardjm@ibm.com
708,Thoughtblab,26582 Glendale Street,685,3/11/2024,ctubridyjn@acquirethisname.com
709,Tekfly,6 Dayton Terrace,312,10/10/2023,hrawlesjo@yahoo.com
710,Meezzy,7234 South Junction,587,1/2/2024,hpimblottejp@tinyurl.com
711,Snaptags,44 Spenser Drive,350,5/22/2023,jgebhardjq@goo.gl
712,Janyx,0 Dixon Junction,634,8/17/2023,jdandyjr@apache.org
713,Zooxo,72 Main Street,138,8/31/2023,apantecostjs@mozilla.com
714,Avavee,22 Warbler Junction,935,3/25/2024,mhagertyjt@dyndns.org
715,Jabbertype,757 Thierer Road,74,10/14/2023,kcabellju@mozilla.com
716,Kimia,2 Montana Center,550,3/9/2024,fohmjv@cam.ac.uk
717,Babbleset,95 Sage Circle,424,6/28/2023,vmatherjw@prlog.org
718,Oloo,81 Pankratz Parkway,504,10/23/2023,gskitteraljx@odnoklassniki.ru
719,Eire,7 Birchwood Road,598,10/30/2023,hoswickjy@canalblog.com
720,Divanoodle,8513 Pond Park,449,9/27/2023,swrathmelljz@altervista.org
721,Gigashots,278 Charing Cross Circle,903,6/6/2023,lkearfordk0@washington.edu
722,Zazio,500 Drewry Street,946,5/1/2023,tmadillk1@engadget.com
723,Topicshots,2334 Bonner Alley,433,8/30/2023,ebambrickk2@cargocollective.com
724,Ozu,602 Glendale Terrace,348,5/15/2023,aarrok3@flickr.com
725,Zoovu,2152 Crowley Drive,959,5/24/2023,djoppichk4@fema.gov
726,Eimbee,7724 Ruskin Drive,832,10/5/2023,gupsalek5@dyndns.org
727,Yakijo,898 Harper Terrace,34,1/13/2024,rotteryk6@bbc.co.uk
728,Youtags,665 Cody Court,550,7/13/2023,nwhitemank7@4shared.com
729,Twimbo,881 Lakewood Gardens Circle,558,7/27/2023,lzamboninik8@digg.com
730,Edgewire,18878 Del Mar Alley,159,11/13/2023,mgrimmettk9@newyorker.com
731,Dablist,892 Sage Parkway,44,10/5/2023,ltomczykiewiczka@soundcloud.com
732,Dabvine,0998 Green Alley,133,11/29/2023,cbelfragekb@wix.com
733,Agimba,16 Schiller Pass,123,9/13/2023,jfontainekc@twitter.com
734,Photofeed,22311 Talmadge Court,384,12/29/2023,lkinzekd@g.co
735,Ailane,56 Anhalt Plaza,148,10/15/2023,mdeekske@nasa.gov
736,Flipopia,31 Comanche Center,536,7/1/2023,tcoryndonkf@artisteer.com
737,Skynoodle,93455 Talmadge Point,884,4/10/2023,ariehmkg@apache.org
738,Quimm,0 Helena Street,728,10/25/2023,ubrewettkh@wikimedia.org
739,Realbridge,5200 Anhalt Road,270,10/28/2023,pobreenki@opera.com
740,Kanoodle,05111 Eastwood Way,890,8/2/2023,dbrantlkj@independent.co.uk
741,Kwilith,1774 Coolidge Trail,345,10/10/2023,dduffieldkk@cnet.com
742,Feedmix,235 Hallows Terrace,887,11/4/2023,mcorradinikl@buzzfeed.com
743,Bubblebox,91089 Autumn Leaf Court,477,7/3/2023,nshevlanekm@soup.io
744,Jabbersphere,2606 Village Alley,12,6/21/2023,pshipkn@newyorker.com
745,Tanoodle,7021 Florence Plaza,613,8/23/2023,cwarmishamko@booking.com
746,Zoombeat,610 Katie Lane,760,12/13/2023,plamonbykp@list-manage.com
747,Topiclounge,50873 Farmco Avenue,114,7/9/2023,wdumbarekq@nasa.gov
748,Centidel,52741 Meadow Ridge Crossing,483,11/12/2023,vburetkr@dailymail.co.uk
749,Voonte,13 Green Ridge Junction,152,8/5/2023,rohoganks@harvard.edu
750,Photolist,365 Columbus Place,675,12/14/2023,dpeekekt@ucsd.edu
751,Linklinks,004 Cherokee Place,680,2/10/2024,mwiggingtonku@spiegel.de
752,Avamm,37689 Linden Lane,607,7/31/2023,fdenevekv@example.com
753,Oyoba,20 Warbler Plaza,19,8/15/2023,fbedminsterkw@ebay.co.uk
754,Janyx,231 Pankratz Crossing,592,5/3/2023,nbosnellkx@bloglovin.com
755,Linktype,38 Scott Road,116,8/14/2023,arudolfky@icq.com
756,Jaxnation,35 Reindahl Road,885,1/23/2024,jgepsonkz@xing.com
757,Kanoodle,60626 Sullivan Crossing,867,11/16/2023,lostridgel0@technorati.com
758,Dabfeed,7659 Bashford Avenue,481,7/5/2023,oemmsl1@icq.com
759,Voonte,8673 Twin Pines Junction,614,4/5/2024,mkernesl2@google.nl
760,Livetube,45033 Shoshone Terrace,694,3/15/2024,mtoyl3@ucsd.edu
761,Roodel,13642 Springs Junction,827,8/12/2023,kdumbletonl4@timesonline.co.uk
762,JumpXS,2204 Blue Bill Park Crossing,507,3/15/2024,sberkal5@fda.gov
763,Babbleblab,3310 1st Road,214,5/13/2023,mkeemarl6@pen.io
764,Bluejam,706 Petterle Parkway,513,10/26/2023,bresdalel7@theglobeandmail.com
765,Devpulse,3710 Stang Park,471,12/11/2023,cimortl8@hostgator.com
766,Realpoint,21 Russell Hill,499,5/7/2023,hcogganl9@simplemachines.org
767,Eare,595 Delladonna Pass,370,7/16/2023,apipesla@newyorker.com
768,Ntag,37 Gale Plaza,394,1/26/2024,aaindriulb@xinhuanet.com
769,Centizu,078 Swallow Circle,825,12/3/2023,dsousterlc@friendfeed.com
770,Gabtune,5 Riverside Point,308,2/19/2024,rinmanld@vkontakte.ru
771,Rhynyx,3074 Vera Plaza,85,4/30/2023,salleynele@reverbnation.com
772,Eamia,37 Garrison Alley,609,8/20/2023,usnellmanlf@noaa.gov
773,Gigashots,12 Arapahoe Street,919,1/31/2024,kcaplenlg@redcross.org
774,Mymm,8 Crest Line Street,706,10/8/2023,vdivineylh@skype.com
775,Topiclounge,8503 Merchant Crossing,522,8/18/2023,cblagdenli@blogtalkradio.com
776,Fatz,17272 Stoughton Lane,833,6/27/2023,jdourislj@wiley.com
777,Yodoo,235 Northland Plaza,191,8/18/2023,dsomerledlk@foxnews.com
778,Edgeblab,9 Ruskin Pass,400,2/17/2024,lchadwinll@gizmodo.com
779,Oyondu,10495 Monica Circle,273,2/23/2024,ndrachelm@tiny.cc
780,Meevee,95752 Michigan Plaza,962,12/7/2023,tlandellln@gov.uk
781,Jayo,6607 South Road,566,1/25/2024,qrosalo@imdb.com
782,Mycat,2 La Follette Road,284,8/2/2023,nveellp@shinystat.com
783,Jaxspan,5846 Quincy Road,790,1/15/2024,dmapslq@exblog.jp
784,Twitterlist,86 Muir Lane,169,8/7/2023,aharborowlr@blinklist.com
785,Flashpoint,5755 Kim Circle,158,10/14/2023,agirtls@paginegialle.it
786,Fadeo,3 Oak Hill,114,5/7/2023,ffairnlt@de.vu
787,Pixope,27 Oakridge Point,383,12/29/2023,hjossumlu@scribd.com
788,Jabbercube,51 Cody Road,766,1/12/2024,shanniganelv@webnode.com
789,Skynoodle,8575 Blackbird Avenue,81,4/4/2024,ahowsleylw@reverbnation.com
790,Yozio,44 1st Trail,246,6/7/2023,lschultheisslx@gizmodo.com
791,Abata,96495 Corry Road,257,6/21/2023,zfreynly@cpanel.net
792,Tagfeed,507 Ramsey Junction,621,7/15/2023,remmisonlz@fotki.com
793,Voonyx,940 Stang Alley,822,3/26/2024,sbremleym0@bloglines.com
794,Camimbo,87 Toban Lane,906,8/17/2023,kfantonem1@foxnews.com
795,Mycat,145 8th Park,793,5/12/2023,lslackm2@liveinternet.ru
796,Midel,83195 Fremont Center,254,8/6/2023,tbanaszczykm3@java.com
797,Yotz,14345 Hovde Junction,865,6/14/2023,cbreslaum4@cnn.com
798,Skiptube,2 Melody Alley,90,3/31/2024,kodlinm5@state.gov
799,Agivu,06 Bultman Center,452,1/27/2024,cshollm6@aboutads.info
800,Vipe,2412 Dawn Park,579,12/19/2023,bfilpom7@quantcast.com
801,Izio,211 Kipling Place,337,6/15/2023,kcornierm8@com.com
802,Rhybox,78158 Quincy Avenue,533,10/25/2023,cderkesm9@icio.us
803,Mydeo,2 Morningstar Circle,336,6/12/2023,dgassonma@fema.gov
804,Linktype,2 Mifflin Center,116,6/19/2023,bshilstonemb@taobao.com
805,Fatz,930 Lillian Alley,99,11/15/2023,ccheakemc@creativecommons.org
806,Viva,80232 Clarendon Way,606,6/21/2023,lboutellmd@taobao.com
807,Rhybox,380 Red Cloud Pass,383,6/1/2023,ccornbellme@mysql.com
808,Topiczoom,52 Westend Junction,503,10/29/2023,kdukesmf@va.gov
809,Innojam,0390 Schmedeman Avenue,797,7/2/2023,swelhammg@live.com
810,Trudeo,244 Dwight Center,950,2/6/2024,plongridgemh@wix.com
811,Latz,09 Ryan Parkway,801,2/14/2024,jalthorpemi@plala.or.jp
812,Edgeblab,8266 Everett Way,867,7/12/2023,amichelmoremj@jalbum.net
813,Youbridge,7 Valley Edge Trail,27,10/13/2023,oortomk@microsoft.com
814,Meevee,04 Bultman Alley,743,6/24/2023,mlabatieml@google.com
815,Meevee,39920 Merrick Road,635,8/9/2023,tfaseymm@yahoo.co.jp
816,Tazzy,261 Michigan Pass,539,4/6/2024,rshrubbmn@about.com
817,Meetz,11987 Brickson Park Crossing,350,2/9/2024,cduxfieldmo@fc2.com
818,Twitternation,85 Crest Line Avenue,72,1/5/2024,tmichinmp@japanpost.jp
819,Voonte,0698 Rockefeller Park,589,11/10/2023,comalleymq@dropbox.com
820,Avamba,93333 Coolidge Terrace,759,3/30/2024,ipurchasemr@ehow.com
821,Vinder,824 8th Trail,827,4/14/2023,mrotherhamms@miibeian.gov.cn
822,Meedoo,05 Upham Circle,682,5/28/2023,nmccutcheonmt@rambler.ru
823,Flipbug,565 Fallview Road,216,1/11/2024,lmcbrydemu@businesswire.com
824,Yotz,230 Bunker Hill Terrace,703,10/30/2023,sedrichmv@eepurl.com
825,Thoughtstorm,63138 Hallows Plaza,602,5/24/2023,ecraciemw@businessinsider.com
826,Oyonder,31 Northport Trail,399,10/18/2023,rzanollimx@nyu.edu
827,Quatz,9 Moose Hill,308,10/28/2023,mrobilartmy@simplemachines.org
828,Eidel,232 Calypso Court,434,4/6/2024,ldonaldsonmz@vk.com
829,Skidoo,5991 Moland Lane,870,8/27/2023,chindenbergern0@live.com
830,LiveZ,0485 Mccormick Avenue,130,3/20/2024,lbevisn1@lycos.com
831,Teklist,81 Wayridge Lane,400,11/10/2023,ntroweln2@smh.com.au
832,Demimbu,75021 Mccormick Street,101,10/28/2023,gconeybeern3@myspace.com
833,Bubblebox,5936 Scott Avenue,846,4/12/2023,jstansburyn4@goodreads.com
834,Trunyx,7 Alpine Plaza,963,11/2/2023,paspolen5@usatoday.com
835,Yamia,28 Dwight Parkway,632,5/26/2023,npenken6@house.gov
836,Twitterbridge,09840 Colorado Street,572,2/7/2024,idanen7@rambler.ru
837,Wordtune,1610 Onsgard Street,741,11/17/2023,mmcgingn8@blinklist.com
838,Vimbo,67798 Valley Edge Junction,161,11/19/2023,nhasemann9@4shared.com
839,Bluezoom,172 Westport Alley,279,1/19/2024,jgrasonna@ifeng.com
840,Browsezoom,5 Melody Alley,213,9/27/2023,jdilsnb@prweb.com
841,Topdrive,933 Eastlawn Court,659,8/16/2023,mavannnc@w3.org
842,Zooveo,07 Lake View Lane,291,8/7/2023,pfellibrandnd@geocities.jp
843,Twiyo,5 Sycamore Hill,581,8/17/2023,jongene@about.me
844,Flashdog,108 Ridgeview Lane,577,9/26/2023,ypolettonf@merriam-webster.com
845,Gabspot,92240 Clyde Gallagher Court,557,5/16/2023,cpflegerng@eventbrite.com
846,Jayo,974 Ryan Terrace,807,5/3/2023,lsirkettnh@last.fm
847,Zooveo,124 Monument Circle,382,9/12/2023,amionini@csmonitor.com
848,Zooveo,84 Talisman Center,247,10/23/2023,edewittnj@4shared.com
849,Skynoodle,209 Bartelt Alley,126,9/3/2023,cgillebertnk@fotki.com
850,Ailane,53434 Fallview Place,504,11/9/2023,pwilmotnl@foxnews.com
851,Fivebridge,94383 Luster Plaza,245,11/1/2023,ssamplesnm@comsenz.com
852,Shuffledrive,449 Twin Pines Crossing,624,2/5/2024,agoslingnn@odnoklassniki.ru
853,Flashset,3 Esch Plaza,374,2/11/2024,rgotchno@upenn.edu
854,Meezzy,003 Comanche Way,834,11/19/2023,atunnochnp@independent.co.uk
855,Photospace,6562 Jenifer Street,759,11/17/2023,npargetternq@samsung.com
856,Twinte,4799 High Crossing Pass,767,12/23/2023,rcarraghernr@ox.ac.uk
857,Rhyzio,40328 Morningstar Junction,49,9/16/2023,rmuscatns@eventbrite.com
858,Voonte,7053 Cherokee Park,362,6/21/2023,vcouronnent@illinois.edu
859,Wikizz,2 Warner Point,139,3/23/2024,klorentnu@ox.ac.uk
860,Topicware,9342 Bultman Center,281,6/30/2023,ggrundynv@list-manage.com
861,Realcube,36126 Comanche Court,382,6/7/2023,abutertonnw@canalblog.com
862,Ainyx,774 Leroy Court,290,2/4/2024,gcrabtreenx@home.pl
863,Tagfeed,66453 Ridgeway Lane,78,7/29/2023,kstrydeny@instagram.com
864,Plajo,0827 Jay Place,223,11/15/2023,blovelacenz@msn.com
865,Gigashots,120 Village Terrace,807,8/14/2023,dmaneso0@ucoz.ru
866,Browsecat,63 Maryland Alley,474,7/12/2023,nburchardo1@europa.eu
867,Topiczoom,63 Cambridge Road,859,2/22/2024,jpolloko2@opensource.org
868,Bubblebox,2 Cherokee Drive,647,1/16/2024,agaspardo3@who.int
869,Shuffletag,89 Johnson Pass,342,9/20/2023,egrassoto4@topsy.com
870,Leenti,7 Cambridge Court,964,2/8/2024,awhaleyo5@yellowbook.com
871,Skinix,82525 Schurz Way,670,1/5/2024,mmarzeloo6@hc360.com
872,Twitterworks,277 Mayer Trail,550,7/14/2023,rlombardo7@usgs.gov
873,Mynte,018 Express Crossing,998,9/13/2023,emoyleo8@gravatar.com
874,Zazio,22 Mockingbird Circle,431,8/20/2023,rnuttingo9@ebay.com
875,Aibox,56 Spaight Junction,547,6/30/2023,gtettleyoa@disqus.com
876,Demizz,70 Onsgard Hill,553,3/31/2024,bsamwaysob@tumblr.com
877,Wordtune,79645 Kensington Way,30,10/1/2023,sderingoc@ovh.net
878,Flipstorm,1 Memorial Avenue,746,6/22/2023,hpennycookod@t.co
879,Topiczoom,2354 Ruskin Way,449,7/9/2023,ndilgarnooe@techcrunch.com
880,Quire,3061 Kenwood Point,741,6/1/2023,kkilroyof@slate.com
881,Buzzster,969 Bluestem Parkway,181,9/26/2023,dsapsedog@booking.com
882,Realmix,48012 Carpenter Way,412,7/26/2023,lklimczakoh@goo.ne.jp
883,Devpulse,3 Superior Trail,703,8/16/2023,mmaggorinioi@seattletimes.com
884,Skibox,6126 Utah Court,234,10/17/2023,ckubeckaoj@state.gov
885,Blogtags,04939 Eagle Crest Lane,354,7/13/2023,okilfordok@cyberchimps.com
886,Aimbo,8 Norway Maple Junction,214,2/13/2024,adinehartol@rediff.com
887,Dynazzy,0 Anthes Pass,629,10/13/2023,nabeleom@behance.net
888,Voonder,16539 Little Fleur Court,663,6/19/2023,ccharkhamon@ustream.tv
889,Devpoint,282 Rockefeller Plaza,126,7/24/2023,mcoundleyoo@eepurl.com
890,Skilith,4 5th Circle,36,11/9/2023,rgamageop@dmoz.org
891,Linktype,4 Quincy Terrace,786,11/9/2023,astreteoq@eventbrite.com
892,Thoughtblab,92 Bay Avenue,8,9/25/2023,gbaldazzior@cmu.edu
893,Edgeblab,307 Riverside Center,456,9/20/2023,bbenechos@abc.net.au
894,Fliptune,366 Roth Pass,358,6/10/2023,gblewettot@123-reg.co.uk
895,Youfeed,4754 Browning Alley,318,6/6/2023,aharrowellou@scribd.com
896,Thoughtstorm,291 Everett Lane,408,4/12/2023,lcrutchov@webnode.com
897,Zoomdog,04684 Surrey Road,806,1/21/2024,ewarbrickow@baidu.com
898,Voomm,0 Main Parkway,680,11/30/2023,shailwoodox@cocolog-nifty.com
899,Zooveo,33 Pond Street,816,9/7/2023,amcterrellyoy@pcworld.com
900,Quatz,54280 Marquette Center,283,12/12/2023,asemmensoz@epa.gov
901,Meetz,4245 Old Shore Terrace,653,5/9/2023,cstapforthp0@yale.edu
902,Yodel,91 Sugar Circle,937,7/3/2023,mspittlep1@cam.ac.uk
903,Dynava,18622 Moose Plaza,9,2/16/2024,nmanniep2@imdb.com
904,Skinder,041 Golf View Point,503,12/11/2023,fbarberap3@hhs.gov
905,Yadel,4955 Mcbride Road,523,7/28/2023,ccaddenp4@mapy.cz
906,Wikibox,72405 Mayer Trail,614,4/28/2023,cpodmorep5@cmu.edu
907,Riffwire,16 Haas Street,497,5/13/2023,pflorisp6@mysql.com
908,Jabberbean,2220 Rutledge Court,264,11/9/2023,slugardp7@forbes.com
909,Quimba,30309 Browning Circle,939,2/21/2024,smckelveyp8@photobucket.com
910,Wikizz,404 Vermont Trail,25,2/5/2024,bloutheanep9@blog.com
911,Gigaclub,65 Montana Place,283,1/14/2024,hlysaghtpa@gov.uk
912,Vinte,785 6th Circle,931,8/10/2023,btordoffpb@wufoo.com
913,Jetwire,02655 Packers Street,697,10/13/2023,clittonpc@nba.com
914,Brightdog,928 Birchwood Parkway,505,1/4/2024,dbollispd@epa.gov
915,Rhybox,632 Comanche Street,475,4/11/2023,wdyblepe@wordpress.org
916,Bubbletube,7239 Little Fleur Plaza,701,7/22/2023,ltiespf@squarespace.com
917,Lajo,005 Troy Place,326,10/17/2023,mvanstonepg@columbia.edu
918,Yoveo,0666 Esker Road,723,6/14/2023,sdossantosph@ihg.com
919,Kazio,68132 Heath Street,707,9/5/2023,vdunleavypi@noaa.gov
920,Quire,49926 Bowman Park,63,6/19/2023,cscatcharpj@free.fr
921,Vipe,85974 Welch Junction,703,9/14/2023,wwalespk@ifeng.com
922,Kayveo,2108 Rowland Drive,793,3/10/2024,astoylespl@adobe.com
923,Feedbug,510 Quincy Place,579,8/27/2023,dfernleypm@ebay.com
924,Skilith,6 Southridge Way,405,5/8/2023,kmobberleypn@hud.gov
925,Thoughtbeat,35735 Hagan Road,399,6/12/2023,ogivenpo@psu.edu
926,Thoughtstorm,1 Hollow Ridge Park,324,6/27/2023,ahurkettpp@reuters.com
927,Quimm,034 Fair Oaks Way,113,4/11/2023,rbrotherwoodpq@whitehouse.gov
928,Skyba,02596 Hanson Alley,921,7/23/2023,cinstonpr@umich.edu
929,Photobean,32359 Bluejay Avenue,561,7/11/2023,coheneghanps@free.fr
930,Fivespan,327 Union Crossing,673,8/16/2023,hbardeypt@paginegialle.it
931,Edgeify,68 Atwood Place,385,4/5/2024,bpaullpu@jimdo.com
932,Skidoo,0 Amoth Plaza,563,6/25/2023,mgildersleavespv@parallels.com
933,Rhyloo,5721 Elka Hill,104,2/23/2024,mholleworthpw@apple.com
934,Browseblab,0 Beilfuss Alley,621,8/24/2023,mdoylendpx@thetimes.co.uk
935,Flipopia,04 Ryan Crossing,880,5/15/2023,sbartakpy@nps.gov
936,Zoonoodle,83953 Express Avenue,331,9/1/2023,jertpz@marriott.com
937,Thoughtstorm,1540 Esker Lane,291,7/12/2023,sbuttingq0@msu.edu
938,Avaveo,9 Lotheville Way,15,8/12/2023,vfleischerq1@clickbank.net
939,Realpoint,51 Prairie Rose Park,601,1/22/2024,eewerq2@theguardian.com
940,Ntags,82 Bluejay Center,890,8/19/2023,gulyattq3@desdev.cn
941,Jaxworks,21 Nova Park,155,4/2/2024,jwisbeyq4@arizona.edu
942,Thoughtbridge,06877 Magdeline Parkway,113,8/9/2023,egronallerq5@fema.gov
943,Zooveo,62 Warbler Terrace,498,12/26/2023,rfaughnanq6@privacy.gov.au
944,Tagtune,7022 Kim Junction,520,5/20/2023,wvoakq7@rakuten.co.jp
945,Skaboo,52169 Dorton Center,525,9/10/2023,xobleinq8@paginegialle.it
946,Rhynyx,618 Dryden Parkway,989,10/13/2023,fpucknellq9@gov.uk
947,Roomm,211 Shoshone Crossing,405,6/20/2023,jstuckowqa@t-online.de
948,Devify,86129 Little Fleur Parkway,456,1/17/2024,jhixsonqb@dailymotion.com
949,Jazzy,0 Thackeray Street,125,2/1/2024,lnapletonqc@unesco.org
950,Dabjam,47859 Crowley Drive,172,2/18/2024,hdochartyqd@sohu.com
951,Yacero,41 Northland Center,509,1/19/2024,rocahsedyqe@spiegel.de
952,Vinte,39 Huxley Place,497,2/18/2024,kmullinqf@istockphoto.com
953,Demivee,8 Arrowood Alley,510,10/3/2023,nbridgelandqg@aol.com
954,Browsetype,5757 Summer Ridge Park,542,3/23/2024,drockallqh@spotify.com
955,Demivee,288 Stang Center,921,5/25/2023,tannwylqi@cornell.edu
956,Realmix,86 Kedzie Road,915,3/29/2024,jcartledgeqj@berkeley.edu
957,Youspan,2 Bartelt Terrace,766,12/24/2023,cinglisqk@cmu.edu
958,Yambee,511 Elgar Terrace,645,3/26/2024,gjeckellql@auda.org.au
959,Lazzy,21 Harbort Road,906,12/4/2023,mvinnickqm@dot.gov
960,Trilia,9987 Iowa Place,807,1/22/2024,mmanhoodqn@omniture.com
961,Blogspan,73 Calypso Hill,416,12/11/2023,slambersenqo@ted.com
962,Fadeo,905 Browning Crossing,626,7/4/2023,nkirkbyqp@harvard.edu
963,Jatri,563 Mallard Drive,475,8/2/2023,amendusqq@ucoz.ru
964,Buzzdog,4 Delladonna Trail,391,6/11/2023,mklimschakqr@noaa.gov
965,Meevee,86805 Di Loreto Road,116,12/3/2023,jappleyardqs@macromedia.com
966,Yakijo,785 Main Point,203,7/6/2023,rsabaterqt@mail.ru
967,Flipstorm,68 2nd Way,908,6/26/2023,wmorstattqu@blogger.com
968,Photofeed,8616 Mitchell Pass,337,10/25/2023,adebneyqv@ibm.com
969,Topicware,213 Cascade Park,568,6/5/2023,icaulliereqw@state.gov
970,Oyondu,9113 Eastwood Hill,838,5/28/2023,pcoulsonqx@yelp.com
971,Yodel,9 Bartillon Junction,124,1/12/2024,pmatejovskyqy@state.tx.us
972,Roodel,54119 Old Gate Junction,617,6/2/2023,pneggriniqz@behance.net
973,Wikizz,52879 Glendale Drive,607,12/22/2023,bjobesr0@tinyurl.com
974,Kazu,18 Corry Terrace,739,9/24/2023,mbiesterfeldr1@apple.com
975,Reallinks,86 Havey Point,681,12/17/2023,jcorbertr2@berkeley.edu
976,Fliptune,5 South Junction,732,2/25/2024,mkernellr3@webmd.com
977,Yozio,5615 Pankratz Point,859,9/10/2023,eskeldinger4@wordpress.com
978,Thoughtstorm,279 Almo Point,847,6/16/2023,asainzr5@latimes.com
979,Babbleblab,9462 Erie Drive,441,6/7/2023,fperrotr6@bravesites.com
980,Tagopia,9 Elka Place,729,1/1/2024,sferrierer7@cyberchimps.com
981,Katz,57122 Summit Junction,397,8/3/2023,myuder8@psu.edu
982,Quimm,76636 Fuller Place,79,1/5/2024,nmilhenchr9@adobe.com
983,Aimbu,93285 Nancy Lane,975,4/27/2023,vmeddickra@slashdot.org
984,Gabvine,90815 Gateway Drive,429,9/8/2023,atasselerrb@virginia.edu
985,Thoughtbeat,702 Dahle Pass,927,7/13/2023,estirruprc@foxnews.com
986,Voolith,2133 Farwell Trail,559,5/31/2023,mpawelekrd@cdc.gov
987,Eadel,77875 Old Shore Place,808,3/29/2024,gattrillre@yelp.com
988,Feedfire,62598 Trailsway Lane,619,4/16/2023,fjosifovitzrf@youtu.be
989,Cogilith,096 Schlimgen Pass,636,8/25/2023,bcleaverrg@g.co
990,Tavu,97088 Arizona Circle,559,6/13/2023,jcherringtonrh@jigsy.com
991,Voonyx,89587 Lyons Junction,744,2/13/2024,acolpusri@webnode.com
992,Trudoo,5 Loeprich Plaza,12,6/14/2023,cwilliamrj@altervista.org
993,Yoveo,450 Rowland Terrace,119,12/8/2023,piacovonerk@youku.com
994,Photobean,86292 Bay Point,123,1/6/2024,jpeinkerl@nature.com
995,Realcube,26 Prentice Place,783,5/24/2023,akaverm@mapy.cz
996,Wikivu,92754 Nancy Alley,313,6/27/2023,ameanyrn@histats.com
997,Oyoyo,5 Pierstorff Way,581,7/21/2023,htrusslovero@google.cn
998,Kaymbo,32129 Schurz Junction,746,2/10/2024,mtumbeltyrp@sfgate.com
999,Lajo,0166 Badeau Terrace,338,4/12/2023,jzienkiewiczrq@about.com
1000,Fliptune,0849 Northfield Terrace,473,7/22/2023,ghunnybunrr@earthlink.net
