reviewid,FoodbankID,ReviewerEmail,foodbank,numOfStars
1,835,rcassius0@ucoz.ru,6615 Shasta Plaza,1
2,450,tballe1@ucoz.com,6455 Marcy Street,4
3,541,tgiovanizio2@nba.com,13 Manufacturers Lane,1
4,867,pbeever3@canalblog.com,91555 Ridgeview Trail,4
5,127,nhalbert4@google.com.hk,975 Gerald Alley,2
6,459,pcapoun5@i2i.jp,480 Brown Park,4
7,801,audy6@seesaa.net,02 Prairie Rose Circle,1
8,706,rpyrah7@slashdot.org,7774 Express Street,1
9,654,kprettyman8@fc2.com,57 Karstens Terrace,2
10,750,lbiggin9@yellowpages.com,2 Vidon Hill,2
11,976,spautea@amazon.com,7 Jackson Avenue,2
12,326,gprimakb@unicef.org,0 Annamark Alley,2
13,763,steapec@mayoclinic.com,851 Browning Plaza,2
14,61,bseywoodd@sfgate.com,42 Mitchell Center,1
15,564,mwardingleye@springer.com,2499 Park Meadow Lane,4
16,901,lgergoletf@nydailynews.com,46 Carpenter Street,5
17,412,rabercrombyg@dyndns.org,3 Division Center,4
18,790,lizakovh@cdc.gov,530 Ryan Hill,5
19,720,kdanilovichi@google.pl,9 Lukken Point,3
20,714,dcorsanj@eepurl.com,05776 Kennedy Hill,5
21,186,agookeyk@google.fr,5 Prentice Street,2
22,917,ybroosel@cnet.com,51572 Knutson Parkway,3
23,321,mrenacm@elpais.com,042 Autumn Leaf Court,5
24,796,jhavilln@seattletimes.com,5185 Trailsway Drive,4
25,327,ktwyningo@indiatimes.com,47 Maple Wood Pass,2
26,751,abruckentalp@livejournal.com,6818 Schlimgen Parkway,1
27,363,oolliffeq@tripod.com,9 Comanche Drive,3
28,426,cwayvillr@dyndns.org,277 Farwell Circle,3
29,539,afonzos@mapquest.com,5 Lyons Alley,4
30,194,pstarmontt@cnbc.com,17261 Brentwood Trail,3
31,919,gdykesu@japanpost.jp,9 Straubel Pass,4
32,767,wbremenv@bizjournals.com,1 Lakeland Road,2
33,599,tseilerw@360.cn,87 Debra Court,1
34,573,hegdellx@instagram.com,451 Valley Edge Point,1
35,315,bsiggersy@symantec.com,20 Drewry Hill,2
36,472,nbieverz@hibu.com,2668 Killdeer Avenue,5
37,708,dogilvie10@shutterfly.com,2589 Kedzie Pass,1
38,898,eiacopetti11@noaa.gov,1 Charing Cross Alley,3
39,255,mhansom12@huffingtonpost.com,8628 Merchant Pass,3
40,524,cpolet13@nature.com,05999 Melvin Pass,2
41,438,baimson14@wiley.com,1728 Washington Street,1
42,21,cbullion15@ucoz.ru,6523 Annamark Plaza,2
43,453,bbrearty16@spotify.com,7433 Melby Terrace,5
44,663,akillgus17@live.com,05 Ryan Avenue,3
45,154,dalthrope18@ovh.net,7593 Loeprich Hill,1
46,379,rgerrets19@cisco.com,7455 Menomonie Terrace,3
47,385,lallabarton1a@acquirethisname.com,1 Cambridge Way,2
48,916,cburghall1b@rediff.com,9 Coleman Drive,1
49,688,teplate1c@fotki.com,44849 Raven Lane,3
50,782,wpounsett1d@time.com,64 Superior Park,2
51,415,lsandilands1e@cam.ac.uk,47746 Tony Street,3
52,334,bdurtnel1f@pinterest.com,01279 Talmadge Drive,2
53,673,fachrameev1g@nasa.gov,8517 Cordelia Pass,3
54,743,fhailston1h@discuz.net,679 Packers Street,5
55,368,hcoulter1i@ed.gov,36005 Mayer Court,5
56,792,pcrook1j@vistaprint.com,29 Sutherland Drive,1
57,905,mbiddlestone1k@feedburner.com,3556 Esker Plaza,4
58,466,aeccles1l@desdev.cn,759 Carpenter Lane,5
59,998,htallboy1m@domainmarket.com,9260 Annamark Trail,1
60,439,fogrowgane1n@mtv.com,9 Esker Terrace,2
61,601,gpankethman1o@w3.org,6 Menomonie Lane,3
62,757,ryeldon1p@cbsnews.com,34 Kingsford Park,2
63,435,gbrilon1q@netscape.com,12447 Sherman Road,2
64,309,tkiffe1r@nbcnews.com,4 Elmside Parkway,4
65,98,thilland1s@patch.com,153 Carpenter Parkway,4
66,35,jwilkie1t@independent.co.uk,50 Mifflin Park,3
67,911,fburtwhistle1u@mlb.com,34208 La Follette Parkway,2
68,580,dbanbrook1v@woothemes.com,094 Lakewood Gardens Circle,2
69,270,kmahy1w@illinois.edu,79 Del Mar Way,1
70,10,glingner1x@com.com,3379 Thackeray Junction,3
71,973,kbrindley1y@dailymail.co.uk,1 Forest Run Place,5
72,392,bpumphrey1z@mtv.com,942 Thackeray Plaza,1
73,113,gashbee20@typepad.com,20 Northwestern Circle,3
74,87,elabrone21@wisc.edu,2 Stuart Trail,3
75,979,slefebre22@usda.gov,96 Anderson Road,2
76,931,ahoston23@jalbum.net,20951 Mosinee Terrace,5
77,39,dlavarack24@tamu.edu,63 Green Ridge Court,4
78,165,ltsarovic25@mapy.cz,37 Garrison Road,4
79,269,slosebie26@springer.com,0270 Johnson Hill,5
80,897,tmcgiff27@walmart.com,282 Chinook Court,2
81,48,bpavkovic28@amazon.com,1518 Corry Hill,1
82,121,ccollete29@epa.gov,750 Michigan Circle,4
83,48,eyoungman2a@mlb.com,15470 Fremont Circle,2
84,219,flarmett2b@geocities.com,363 Leroy Way,3
85,791,bglanders2c@who.int,6610 Columbus Place,2
86,873,jsancraft2d@e-recht24.de,5848 Vidon Pass,3
87,421,lzimmer2e@blog.com,5219 Commercial Park,2
88,459,astembridge2f@photobucket.com,2525 Graedel Parkway,5
89,351,ctittletross2g@angelfire.com,38050 Darwin Place,2
90,904,ejanek2h@prlog.org,75 Mallard Center,5
91,13,ldumigan2i@plala.or.jp,694 Vernon Pass,1
92,98,kwannes2j@ca.gov,0350 Fallview Road,3
93,447,dbosher2k@indiatimes.com,7 Pepper Wood Drive,2
94,300,fcockayme2l@webs.com,23065 New Castle Drive,5
95,632,borsay2m@fastcompany.com,09024 Eliot Pass,4
96,298,ebibb2n@salon.com,46 Darwin Court,4
97,889,dwarratt2o@php.net,72 Carberry Crossing,3
98,817,eyoule2p@slideshare.net,75859 Maple Trail,2
99,102,mfurbank2q@reuters.com,49 Holmberg Pass,4
100,967,zbrennan2r@ycombinator.com,60772 Service Pass,5
101,964,glonsbrough2s@hexun.com,0434 Stuart Point,4
102,424,shintze2t@dion.ne.jp,2171 Anniversary Hill,1
103,55,vglaves2u@reuters.com,38 Express Point,2
104,294,ehakking2v@fastcompany.com,936 Cordelia Park,3
105,417,hblasli2w@about.com,75906 Larry Point,2
106,602,kdockery2x@spiegel.de,8 Hanover Road,1
107,756,sdochon2y@alibaba.com,67714 American Alley,3
108,381,mswine2z@yahoo.co.jp,3180 Mockingbird Alley,4
109,474,dsanbrook30@fc2.com,36483 Lighthouse Bay Avenue,5
110,115,ltwelvetrees31@pbs.org,59445 Manley Lane,1
111,394,mnoot32@hhs.gov,7408 Loftsgordon Place,3
112,379,pkensall33@tripadvisor.com,152 Ludington Road,3
113,638,sstaff34@cloudflare.com,36151 Mifflin Center,2
114,348,cmckag35@elegantthemes.com,21 Warbler Pass,3
115,892,rtorfin36@skyrock.com,6 Loomis Junction,3
116,190,abarnwall37@google.ru,6515 Glendale Parkway,4
117,111,lmuzzini38@guardian.co.uk,47594 Helena Way,3
118,818,awagg39@patch.com,44281 Moland Parkway,4
119,801,bpike3a@dyndns.org,23 Bobwhite Circle,4
120,653,econboy3b@ovh.net,28308 Eastlawn Center,3
121,73,ldecreuze3c@soundcloud.com,27318 Portage Way,2
122,246,fdipple3d@hao123.com,1858 Brickson Park Avenue,1
123,715,jcooney3e@apple.com,4 Johnson Circle,1
124,25,igouldthorp3f@kickstarter.com,7 American Ash Court,2
125,340,mscogin3g@netvibes.com,2411 Fulton Road,4
126,754,hbinnion3h@disqus.com,73859 Crownhardt Circle,4
127,774,ecunniff3i@com.com,38960 Waubesa Hill,5
128,681,ssimionescu3j@tiny.cc,19393 Fieldstone Point,4
129,653,bkerwick3k@lycos.com,523 Manitowish Way,3
130,542,sgelletly3l@woothemes.com,70 Swallow Hill,3
131,299,bnorvel3m@a8.net,544 Maple Road,3
132,429,eloudwell3n@meetup.com,29955 Sommers Alley,2
133,450,gsimeonov3o@sogou.com,442 Fordem Street,1
134,543,esage3p@moonfruit.com,09 Commercial Plaza,5
135,981,npaskins3q@ebay.com,57168 Carioca Crossing,1
136,428,ppoundsford3r@indiegogo.com,3569 Clarendon Terrace,5
137,488,gloosemore3s@weebly.com,4 Truax Parkway,4
138,758,bguage3t@house.gov,764 Chinook Hill,4
139,666,kdradey3u@yelp.com,10 Mesta Point,3
140,158,gduprey3v@amazon.co.uk,0 Glendale Junction,3
141,95,jrantoull3w@bloomberg.com,23 Lakewood Gardens Circle,4
142,331,rlevings3x@cyberchimps.com,6 Cardinal Way,2
143,946,mspadoni3y@mapquest.com,10 Harbort Hill,4
144,484,mdavidovich3z@freewebs.com,6745 Northport Point,1
145,253,spuleston40@hatena.ne.jp,1193 Golf Pass,5
146,225,fmcgahern41@ibm.com,00697 Brentwood Pass,5
147,24,gmcgauhy42@mozilla.com,91321 Chinook Circle,5
148,445,nthorsen43@booking.com,8 Old Gate Drive,2
149,472,kmcevilly44@census.gov,92132 Dwight Lane,4
150,241,nbakes45@gravatar.com,91 Mifflin Park,5
151,197,fsewards46@usgs.gov,65341 Tony Street,1
152,248,ckesby47@quantcast.com,46968 Caliangt Court,1
153,52,gwantling48@ifeng.com,48650 Becker Circle,4
154,578,bvaneschi49@cyberchimps.com,53 Iowa Street,4
155,501,rbendin4a@dell.com,657 Eastlawn Alley,3
156,567,estabbins4b@dedecms.com,8 Vernon Plaza,4
157,987,hkoppeck4c@fotki.com,43436 Homewood Drive,1
158,65,ccrowch4d@google.it,50141 Fuller Park,3
159,146,santill4e@hatena.ne.jp,11781 Randy Point,5
160,873,pmattevi4f@google.ca,94 Heffernan Park,5
161,637,twaplington4g@theglobeandmail.com,6134 Arrowood Place,5
162,841,rhullins4h@economist.com,33053 Bunker Hill Circle,2
163,25,spryce4i@telegraph.co.uk,718 Claremont Avenue,5
164,923,pdennis4j@icq.com,47820 Buena Vista Road,1
165,302,awillman4k@bigcartel.com,77 Sachs Circle,5
166,616,acampione4l@de.vu,65 Westridge Trail,1
167,250,bmellanby4m@google.com,9 Delaware Crossing,1
168,952,dseamon4n@live.com,3038 Granby Crossing,4
169,303,gredier4o@baidu.com,5351 Manley Crossing,5
170,510,mrushmare4p@nhs.uk,9 Judy Plaza,2
171,68,cmccurtain4q@google.pl,6884 Scofield Circle,2
172,10,kjerred4r@photobucket.com,7552 Schiller Road,2
173,52,ceilles4s@surveymonkey.com,95747 Shasta Crossing,1
174,371,dwinch4t@yahoo.co.jp,0917 Walton Park,5
175,633,lmacura4u@bravesites.com,95 Lien Circle,5
176,751,apepis4v@tripadvisor.com,58461 Kenwood Lane,2
177,724,sbowdery4w@squarespace.com,69 Ryan Lane,2
178,952,gpinniger4x@nasa.gov,13300 Porter Court,1
179,521,asurmanwells4y@harvard.edu,385 Buell Alley,3
180,979,obeddingham4z@instagram.com,9 Kipling Street,5
181,167,gharvey50@walmart.com,6 Westridge Place,3
182,115,orottcher51@smugmug.com,30322 Mitchell Park,4
183,612,ypattullo52@redcross.org,332 Clyde Gallagher Alley,4
184,202,esteer53@mozilla.com,23586 Crest Line Place,5
185,997,jshreeve54@mit.edu,7797 East Court,1
186,669,rnancarrow55@dyndns.org,241 Prairie Rose Way,3
187,772,dmackeller56@nature.com,51325 Messerschmidt Center,2
188,362,sgaynor57@issuu.com,067 Linden Park,2
189,932,lcudbird58@ihg.com,16229 Clarendon Street,3
190,540,slembrick59@qq.com,250 Lotheville Court,4
191,82,bbrockie5a@who.int,0233 Loftsgordon Court,4
192,826,tcalvard5b@wsj.com,4 David Trail,3
193,38,rfrapwell5c@meetup.com,05 Kim Avenue,4
194,968,lcrickett5d@bloomberg.com,05 Sugar Alley,2
195,750,sryder5e@sourceforge.net,9989 Killdeer Plaza,4
196,552,lthornewill5f@tiny.cc,6 Monica Crossing,5
197,118,ggamwell5g@storify.com,1 Maple Crossing,2
198,607,dsandwith5h@gov.uk,0 Maple Plaza,4
199,838,bbanfill5i@ca.gov,57 Moulton Court,1
200,162,jbollis5j@skype.com,392 Forest Park,3
201,822,pudey5k@biglobe.ne.jp,91 Brickson Park Street,1
202,223,dwibberley5l@blogspot.com,63 Nevada Junction,2
203,137,bpurry5m@statcounter.com,01 Tomscot Drive,1
204,986,hbranwhite5n@cam.ac.uk,61863 Oakridge Drive,3
205,461,cpichmann5o@marketwatch.com,24421 Sachs Point,4
206,865,amateos5p@yahoo.co.jp,3 Harbort Pass,4
207,354,aellsworthe5q@google.com.br,357 Stang Parkway,4
208,188,ljosefowicz5r@dot.gov,980 Lake View Parkway,5
209,470,ledel5s@amazonaws.com,59396 Browning Road,4
210,322,sfiney5t@cmu.edu,3 Nobel Crossing,4
211,377,rjalland5u@senate.gov,52 Fallview Trail,5
212,403,tsancias5v@joomla.org,05979 Scoville Park,5
213,228,lspinella5w@telegraph.co.uk,5 3rd Road,5
214,590,btimberlake5x@acquirethisname.com,4154 Paget Drive,4
215,60,rtash5y@telegraph.co.uk,720 Pawling Parkway,4
216,103,obusk5z@flavors.me,7 Myrtle Park,4
217,180,jcorsar60@mozilla.com,65257 Bluestem Circle,3
218,108,sperotti61@godaddy.com,160 Schmedeman Street,5
219,128,hdurran62@google.com.br,6 Canary Terrace,1
220,917,alassetter63@cyberchimps.com,2260 Mendota Center,1
221,420,eletson64@sun.com,2561 Iowa Street,2
222,797,btolcharde65@biblegateway.com,277 Dorton Street,1
223,858,edyerson66@so-net.ne.jp,001 Roth Court,5
224,431,cmelladew67@wikipedia.org,504 Kingsford Drive,4
225,889,jlipyeat68@rambler.ru,2 Lighthouse Bay Avenue,5
226,681,vdickens69@taobao.com,0409 Red Cloud Park,2
227,598,gscrauniage6a@163.com,71 Dakota Drive,2
228,244,kdelort6b@redcross.org,3465 Fremont Parkway,1
229,294,tshwenn6c@samsung.com,75084 Waxwing Lane,4
230,330,ahek6d@wunderground.com,0708 Myrtle Crossing,2
231,787,afould6e@histats.com,29214 Kropf Way,4
232,288,sruter6f@hhs.gov,691 Dennis Trail,2
233,120,jroloff6g@timesonline.co.uk,3 Bayside Center,5
234,401,tgytesham6h@digg.com,32 Huxley Alley,4
235,368,cpavel6i@marriott.com,126 Independence Terrace,1
236,220,pkoppe6j@squidoo.com,28007 Morning Way,4
237,457,blints6k@example.com,0 American Ash Lane,5
238,101,nbrockie6l@shop-pro.jp,95 Dakota Place,4
239,366,abines6m@google.es,0 Schmedeman Junction,1
240,247,cfitzgilbert6n@ehow.com,36 School Pass,2
241,604,jvanson6o@chron.com,19487 Washington Terrace,1
242,124,bjotham6p@toplist.cz,152 Manufacturers Lane,4
243,343,etreat6q@fotki.com,909 Monument Pass,4
244,800,hpossek6r@gizmodo.com,978 Blaine Trail,4
245,266,czaniolini6s@shop-pro.jp,21 Rieder Parkway,1
246,312,saustin6t@plala.or.jp,0 Ilene Road,3
247,362,ftointon6u@blogtalkradio.com,462 Kingsford Trail,1
248,63,lstiebler6v@ycombinator.com,96 Stoughton Parkway,1
249,498,pbunclark6w@google.nl,6364 Lerdahl Road,4
250,955,rkirlin6x@patch.com,28375 Graceland Parkway,1
251,663,ikohn6y@cbsnews.com,9258 Pleasure Center,3
252,176,gfoker6z@google.com.br,0192 Westport Pass,4
253,914,sbeardow70@java.com,3678 Old Shore Lane,5
254,50,adumingo71@marriott.com,5619 Autumn Leaf Drive,1
255,889,pnollet72@behance.net,5 Garrison Lane,4
256,747,jleprevost73@jimdo.com,2 Maywood Circle,1
257,109,kmonks74@github.io,5 Coolidge Road,2
258,294,nmuff75@cmu.edu,14 Thompson Trail,2
259,861,toflynn76@bluehost.com,66648 Autumn Leaf Alley,2
260,509,sdaggett77@comcast.net,225 Declaration Way,3
261,534,llebarree78@people.com.cn,99488 Twin Pines Crossing,2
262,406,apeacocke79@sun.com,20 Linden Lane,2
263,563,kbaddam7a@marriott.com,43126 Drewry Road,4
264,600,avosper7b@prlog.org,85 Pond Crossing,5
265,924,jkardosstowe7c@printfriendly.com,06516 Crescent Oaks Terrace,4
266,206,gwillshaw7d@shop-pro.jp,250 Killdeer Park,5
267,376,wfiggen7e@jimdo.com,337 Petterle Junction,4
268,94,abarff7f@sphinn.com,9 Hayes Lane,2
269,173,mdeesly7g@google.cn,7 Autumn Leaf Hill,1
270,439,rmclanachan7h@independent.co.uk,8 Surrey Street,4
271,689,jloalday7i@spotify.com,11269 Pine View Alley,1
272,291,tnorthall7j@house.gov,145 Melvin Crossing,2
273,509,pbarnsley7k@vkontakte.ru,149 Morning Avenue,1
274,62,cbradnam7l@issuu.com,707 Colorado Point,3
275,917,delletson7m@nasa.gov,524 Oak Valley Road,5
276,897,hchoules7n@dailymotion.com,1791 Mitchell Street,2
277,48,hbow7o@topsy.com,91222 Northview Plaza,3
278,230,ccunah7p@themeforest.net,731 Jenifer Parkway,5
279,94,rtoye7q@geocities.jp,7069 Michigan Hill,4
280,546,ccomoletti7r@gmpg.org,58 Summer Ridge Center,3
281,213,erattrie7s@google.de,9875 Clyde Gallagher Park,4
282,36,dgeraudy7t@so-net.ne.jp,8066 David Crossing,4
283,741,tladley7u@feedburner.com,796 Sauthoff Center,2
284,463,bgudyer7v@jigsy.com,94 Banding Plaza,3
285,646,corriss7w@sitemeter.com,59002 Pankratz Center,4
286,229,jdawidowitz7x@goo.gl,22 Scoville Lane,1
287,323,mgillott7y@livejournal.com,66903 Leroy Parkway,3
288,861,asyce7z@rediff.com,783 Northport Terrace,4
289,373,asign80@about.com,8076 Dapin Center,5
290,547,csiman81@nyu.edu,9 Maple Drive,1
291,353,lduthie82@sina.com.cn,6215 Farmco Crossing,1
292,965,dwoonton83@npr.org,7 Jackson Center,4
293,635,aeccles84@alexa.com,0406 Mcbride Junction,3
294,954,fdobey85@163.com,34 Northport Avenue,5
295,432,mifill86@aboutads.info,14 Lakeland Court,3
296,460,mcalway87@biglobe.ne.jp,994 Glendale Junction,4
297,520,gbohlje88@purevolume.com,107 Armistice Court,4
298,739,cgrady89@gov.uk,1 Tennessee Point,1
299,273,fyashnov8a@wired.com,2 Dryden Way,3
300,155,mmilmore8b@e-recht24.de,05 Ohio Street,2
301,207,pworthing8c@msn.com,56557 Dapin Center,3
302,222,cskehan8d@hhs.gov,53 Anderson Crossing,4
303,546,hcoventry8e@blog.com,7695 Ronald Regan Court,1
304,608,wwinson8f@bluehost.com,66061 Warbler Street,5
305,23,gainsworth8g@jiathis.com,25 Harper Terrace,5
306,990,crockhill8h@google.de,8211 Vera Plaza,1
307,120,atunnoch8i@theglobeandmail.com,3587 High Crossing Avenue,3
308,409,cmacane8j@rakuten.co.jp,44 Mariners Cove Avenue,2
309,364,ddrysdale8k@google.ru,213 Clove Way,1
310,418,rknox8l@unesco.org,2278 North Crossing,1
311,21,jessex8m@google.fr,772 Killdeer Street,5
312,591,adelea8n@opensource.org,4795 Russell Hill,4
313,785,rpinner8o@abc.net.au,332 Dapin Center,4
314,365,rjohnston8p@si.edu,36582 Southridge Court,4
315,590,sdispencer8q@google.co.jp,28 Anzinger Street,4
316,92,ksuthworth8r@fema.gov,912 Westport Center,1
317,547,ccardo8s@wikispaces.com,27 Hanover Alley,4
318,74,bhinkes8t@smh.com.au,5 Dottie Place,5
319,619,pmcmurty8u@canalblog.com,2 East Junction,4
320,875,agarratt8v@typepad.com,46 Spohn Park,2
321,906,svance8w@wix.com,3 Park Meadow Road,5
322,488,eportlock8x@omniture.com,53755 Armistice Point,5
323,793,icurner8y@ucoz.com,1 Spenser Parkway,1
324,415,xelham8z@state.gov,358 Luster Parkway,1
325,466,rogriffin90@ucoz.ru,3 Shoshone Point,3
326,870,mfindley91@unicef.org,77138 Sunnyside Parkway,1
327,662,cnarrie92@mediafire.com,24 Alpine Center,2
328,608,sgreguol93@delicious.com,2321 Raven Pass,4
329,630,sdoige94@stumbleupon.com,529 Sommers Hill,5
330,545,sslayford95@friendfeed.com,3 Ludington Pass,5
331,322,hcorbert96@sfgate.com,3 Burrows Drive,1
332,966,mdyers97@nps.gov,09513 Larry Parkway,2
333,874,smatkovic98@instagram.com,11 Hovde Road,4
334,800,cpauleit99@washingtonpost.com,4531 Annamark Pass,4
335,789,rfarryn9a@about.me,022 Schurz Park,1
336,983,jtretter9b@friendfeed.com,6 3rd Plaza,4
337,308,gmonson9c@wikispaces.com,64609 Del Mar Lane,5
338,125,jbearn9d@merriam-webster.com,0 Trailsway Street,1
339,473,psharp9e@privacy.gov.au,382 Cordelia Way,3
340,464,jbazely9f@umn.edu,110 Lake View Court,1
341,301,bollier9g@phoca.cz,61973 Buell Park,5
342,141,rmethley9h@delicious.com,26841 Northland Terrace,3
343,926,ktomenson9i@businessweek.com,233 Gerald Alley,5
344,345,ddilleway9j@homestead.com,185 Lawn Point,2
345,907,nlampel9k@reference.com,3417 Ramsey Point,4
346,487,rculmer9l@webs.com,96582 Kipling Lane,2
347,532,lhadwen9m@smugmug.com,5 Roxbury Way,3
348,789,ebetun9n@ustream.tv,6596 Fairfield Center,5
349,200,tchamberlaine9o@addtoany.com,62592 Barnett Street,5
350,41,ltrammel9p@mashable.com,0 East Parkway,2
351,785,rdredge9q@ycombinator.com,43024 Leroy Hill,4
352,694,fdrewclifton9r@sbwire.com,73818 Kennedy Place,1
353,996,idevany9s@elegantthemes.com,52 Kings Drive,4
354,787,cstelli9t@mac.com,0 Laurel Avenue,4
355,176,bdeason9u@reddit.com,325 Hoard Hill,3
356,816,zbuard9v@hatena.ne.jp,63 Sloan Way,2
357,203,aspavon9w@smh.com.au,756 5th Crossing,2
358,419,tcrauford9x@indiegogo.com,13 Buena Vista Avenue,5
359,968,ckell9y@google.es,2 Warrior Parkway,2
360,759,dburdoun9z@dedecms.com,49902 Sullivan Street,3
361,548,okulasa0@buzzfeed.com,31 Division Center,2
362,479,lgavaghana1@xinhuanet.com,18 Stang Road,3
363,262,lchasneya2@google.com.br,06 Namekagon Avenue,5
364,366,tvankina3@eventbrite.com,74045 American Ash Alley,2
365,822,gbluemana4@canalblog.com,26134 Brown Junction,3
366,344,bsibraya5@themeforest.net,9018 Springview Street,1
367,562,pmalcolma6@oracle.com,68 Veith Parkway,5
368,957,bmingassona7@usgs.gov,647 Thackeray Court,3
369,456,tpaternostera8@hexun.com,0 Graedel Road,1
370,748,rgirodiera9@zdnet.com,579 Kingsford Road,3
371,774,ojaggeraa@cornell.edu,22 Rowland Hill,1
372,733,hbarberaab@whitehouse.gov,9042 Redwing Parkway,3
373,32,ematejkaac@blogtalkradio.com,4796 Dexter Point,3
374,617,ujecksad@surveymonkey.com,4489 Sauthoff Road,4
375,271,tmcelrathae@auda.org.au,4060 Elgar Terrace,4
376,42,vnassiaf@slideshare.net,3 Banding Parkway,4
377,276,hcinoag@godaddy.com,6696 Bayside Hill,3
378,739,aebbrellah@privacy.gov.au,4 Sullivan Park,2
379,808,mkalfai@qq.com,3 Lunder Lane,3
380,241,cpetruskevichaj@trellian.com,52 Burning Wood Court,4
381,491,csnasdellak@deviantart.com,412 Forest Center,2
382,325,gescoffieral@about.com,69038 International Road,2
383,812,csecretanam@wikispaces.com,42 Shoshone Road,3
384,399,sdedantesiean@nyu.edu,99566 Mariners Cove Way,2
385,714,fovettao@prlog.org,806 Ridgeview Center,2
386,917,cthewsap@aol.com,84378 Lien Trail,3
387,134,cprielaq@nbcnews.com,4 Butternut Circle,2
388,277,cpinshonar@google.cn,2837 Butternut Parkway,5
389,858,jrubegaas@shutterfly.com,8799 Superior Trail,2
390,195,vdimeloeat@newyorker.com,1 Buena Vista Point,1
391,677,ltidridgeau@elegantthemes.com,19882 Hanson Parkway,5
392,149,irouthornav@java.com,97 Lindbergh Circle,5
393,280,jsomerbellaw@wikipedia.org,25 Hermina Pass,3
394,979,igebhardax@i2i.jp,19 Dennis Junction,3
395,741,rnehlay@bbc.co.uk,694 Gateway Circle,3
396,610,aoweraz@jimdo.com,12223 Porter Road,3
397,510,cneggrinib0@paypal.com,0466 Hagan Place,2
398,122,jraunb1@zdnet.com,46251 Delladonna Circle,3
399,977,ccallanb2@opera.com,46082 Homewood Pass,4
400,413,pjeppersonb3@over-blog.com,4691 Sutherland Trail,5
401,546,sboritb4@cdc.gov,5 Redwing Court,5
402,455,lquadrib5@twitpic.com,44 Dexter Plaza,2
403,399,ocrofthwaiteb6@so-net.ne.jp,9 Nevada Alley,2
404,969,acastellinob7@intel.com,557 Mesta Hill,3
405,196,dwarburtonb8@soup.io,573 Scott Circle,1
406,614,gwarltonb9@apache.org,79 Esker Way,5
407,812,sfilippucciba@go.com,3 Muir Crossing,4
408,214,dscanlonbb@dot.gov,352 Eagle Crest Court,4
409,325,tkimbellbc@qq.com,42 Vera Park,5
410,738,lscotchmurbd@ning.com,45 Dahle Place,4
411,66,jaimericbe@nyu.edu,6628 Mendota Drive,1
412,563,mmessambf@uiuc.edu,1092 Talisman Junction,4
413,681,jfantonbg@tumblr.com,705 Bunker Hill Road,3
414,497,llitherboroughbh@census.gov,0830 Pine View Way,4
415,306,aatwoodbi@google.com.br,0 Veith Plaza,5
416,145,cjornbj@sphinn.com,2 Forest Dale Point,5
417,713,gbernardobk@eventbrite.com,3980 Delaware Place,2
418,602,psiudabl@ucoz.ru,28 Shopko Park,5
419,645,jrosenaubm@hatena.ne.jp,063 Bultman Way,5
420,11,dgardnerbn@cnet.com,00562 Lakewood Street,4
421,790,tfinklebo@com.com,8953 Waubesa Center,4
422,568,mspilisybp@blogspot.com,2 Darwin Circle,2
423,139,ibehneckenbq@telegraph.co.uk,87130 Valley Edge Avenue,3
424,970,rwestneybr@goodreads.com,773 Garrison Plaza,3
425,82,ititterellbs@amazon.com,235 Killdeer Hill,1
426,401,dlazenburybt@zimbio.com,4 Mitchell Park,5
427,724,aizardbu@deliciousdays.com,4 Redwing Drive,3
428,648,hrawnsleybv@example.com,697 Independence Street,2
429,830,mhayballbw@theatlantic.com,54925 Southridge Court,2
430,717,mmcveybx@wikipedia.org,67343 Manley Plaza,3
431,734,espareyby@biblegateway.com,145 Hauk Court,2
432,480,cdulsonbz@acquirethisname.com,7769 Center Park,4
433,302,hthackhamc0@biblegateway.com,370 Badeau Trail,5
434,510,grosenfelderc1@springer.com,33 Aberg Road,3
435,457,nsavinc2@uiuc.edu,671 Hazelcrest Park,3
436,402,clunnyc3@vinaora.com,246 Melby Circle,2
437,998,rleonardic4@va.gov,96 Declaration Alley,5
438,28,cgauvinc5@mail.ru,499 Roxbury Center,1
439,87,psheronc6@vinaora.com,680 Mayer Avenue,1
440,735,mmaciverc7@senate.gov,8 Jana Junction,1
441,110,kbarendtsenc8@senate.gov,3607 Shasta Way,4
442,455,vcaryc9@bbc.co.uk,3 Buell Center,4
443,451,wrintoulca@globo.com,5 Cottonwood Lane,3
444,687,ndoctorcb@wisc.edu,13 Hagan Parkway,4
445,517,lmatyushkincc@nymag.com,6 Lighthouse Bay Pass,2
446,924,mhushercd@smh.com.au,90292 Fremont Circle,2
447,258,mmcfaydence@buzzfeed.com,471 Bluejay Pass,3
448,7,tsuttlecf@people.com.cn,171 Straubel Junction,4
449,34,rgorecg@cpanel.net,0 Sherman Drive,3
450,340,cmacpakech@yahoo.com,48083 Clemons Place,4
451,757,ssmogurci@ft.com,1221 Bayside Lane,5
452,908,ehirsthousecj@xinhuanet.com,62 Muir Park,4
453,746,cpembertonck@blogspot.com,2407 Grim Street,1
454,661,rrentcomecl@microsoft.com,87 Sheridan Terrace,5
455,633,aelloycm@ftc.gov,83 Golf View Place,4
456,388,kbeckecn@arizona.edu,6 Center Junction,1
457,315,mjambrozekco@bloglovin.com,37 Debs Crossing,4
458,180,ichavecp@behance.net,9512 Pepper Wood Lane,1
459,473,akerncq@epa.gov,9490 Melody Point,5
460,254,inaldrettcr@behance.net,655 Spaight Street,4
461,792,ejanceycs@buzzfeed.com,86398 Union Point,2
462,908,chiscocksct@nymag.com,809 Corry Plaza,3
463,388,wmarkussencu@privacy.gov.au,45 Sutherland Place,4
464,985,adodworthcv@wikipedia.org,8731 Gina Street,1
465,451,gswancockcw@cbc.ca,814 Hauk Drive,2
466,81,bknowllercx@toplist.cz,256 Swallow Place,3
467,669,lnancarrowcy@stumbleupon.com,9 Artisan Road,2
468,596,mjonahcz@friendfeed.com,4 Bunker Hill Lane,1
469,780,bthaind0@timesonline.co.uk,0 Cambridge Street,4
470,360,wcollisd1@devhub.com,3 Green Parkway,1
471,624,kseakesd2@skyrock.com,63 Golf Course Plaza,4
472,147,afentond3@symantec.com,44137 Monument Court,4
473,736,gsprittd4@spiegel.de,4 Sunbrook Way,2
474,343,rrobezd5@spotify.com,40 Corry Alley,4
475,972,ffreckeltond6@google.co.uk,63 Kropf Park,4
476,236,ewhitmelld7@irs.gov,9 Dawn Hill,1
477,824,ksplevind8@arstechnica.com,3 Golf Park,5
478,146,bglassardd9@vinaora.com,2919 Fuller Plaza,2
479,395,nfewsterda@godaddy.com,748 Elka Hill,4
480,581,amcveightydb@indiatimes.com,463 Meadow Valley Center,5
481,641,gguisedc@google.cn,5 Beilfuss Road,1
482,261,xbeagendd@facebook.com,0 Vidon Lane,5
483,720,ahazeldinede@dagondesign.com,15 Gina Center,1
484,717,dsealydf@free.fr,23643 Summerview Street,5
485,855,wabatellidg@purevolume.com,05 Dunning Way,5
486,97,afirmagedh@wsj.com,09859 Oriole Way,4
487,310,gwapplingtondi@npr.org,3 Erie Point,3
488,807,ghamsherdj@geocities.com,612 Eliot Drive,3
489,128,bjeenesdk@alibaba.com,091 Hagan Alley,1
490,837,dcathralldl@cmu.edu,9 East Hill,3
491,336,wdebeauchampdm@about.com,16109 Del Mar Alley,3
492,291,dwylamdn@harvard.edu,474 Buell Drive,3
493,464,cchildrendo@shinystat.com,8617 Jackson Crossing,5
494,795,dhedgemandp@umn.edu,954 Carioca Junction,1
495,188,btallisdq@google.com.hk,669 Elka Drive,3
496,499,cmaidstonedr@chicagotribune.com,966 Fallview Terrace,2
497,816,mcuruclisds@cnn.com,33172 Maryland Center,4
498,380,dsaunieredt@google.com.hk,0 Golf Avenue,5
499,881,afebvredu@1und1.de,55 Burrows Place,4
500,315,guttingdv@reference.com,4 Moulton Plaza,2
501,153,ashutledw@ovh.net,55042 Anderson Junction,4
502,766,rroebydx@rediff.com,920 Pennsylvania Road,1
503,55,kyvondy@taobao.com,30 Packers Court,2
504,804,cmcglewdz@icq.com,4675 Bunker Hill Way,3
505,531,hbonehille0@smh.com.au,73 Anzinger Hill,4
506,124,mcalderoe1@ft.com,45150 Arapahoe Way,5
507,212,sbevillee2@1und1.de,52259 Maryland Pass,4
508,869,zbowskille3@microsoft.com,1 Village Green Way,3
509,27,whauxbye4@joomla.org,097 Doe Crossing Park,3
510,430,lclowe5@flickr.com,31 Jay Park,2
511,330,bdowleye6@meetup.com,0 Old Gate Street,2
512,667,jfeldmarke7@marketwatch.com,87 Bellgrove Place,1
513,907,fduggone8@ted.com,926 West Pass,5
514,112,ecranee9@freewebs.com,4 Arizona Hill,3
515,554,vpaoloea@paginegialle.it,03246 Hanson Alley,2
516,803,taddionizioeb@mtv.com,1 Onsgard Street,4
517,122,soliphardec@chicagotribune.com,591 Utah Alley,4
518,430,mhaslocked@people.com.cn,228 Comanche Park,5
519,255,ccuttinee@cdc.gov,11121 Mayfield Junction,5
520,931,csatchef@businessweek.com,275 Corry Hill,4
521,221,elowleseg@shutterfly.com,796 Oak Valley Plaza,4
522,185,hlacroixeh@odnoklassniki.ru,89227 Autumn Leaf Junction,2
523,186,tlisciardelliei@ycombinator.com,338 Wayridge Center,5
524,954,dshearstonej@wunderground.com,54530 Surrey Alley,3
525,48,vdupoyek@bravesites.com,23 Hanover Alley,3
526,522,imaccarrickel@gravatar.com,91602 Waywood Drive,5
527,825,mgrinstedem@wired.com,46011 Service Center,4
528,94,amaniloen@twitpic.com,6 Old Gate Hill,5
529,901,wradnedgeeo@friendfeed.com,36364 Pepper Wood Way,5
530,524,rratchfordep@nps.gov,617 Oak Alley,2
531,50,vcosgraveeq@fotki.com,0111 Heffernan Street,5
532,591,mlaugaer@who.int,6380 Park Meadow Plaza,2
533,617,tmutimeres@constantcontact.com,468 Rowland Circle,2
534,134,adempsteret@hubpages.com,72 Hazelcrest Plaza,3
535,259,lkellareu@unesco.org,7 Graceland Pass,1
536,514,bdeeringev@is.gd,281 Lien Drive,2
537,16,cdarragonew@eepurl.com,51 Dovetail Court,2
538,100,fasselex@businessweek.com,98603 Glacier Hill Park,2
539,500,rburghey@icq.com,24 Lawn Parkway,3
540,66,vbeddisez@craigslist.org,6826 Harper Alley,1
541,157,aglazierf0@utexas.edu,15 Farragut Plaza,5
542,87,cemeneyf1@nhs.uk,60612 Mccormick Trail,5
543,276,cpeartf2@cyberchimps.com,2233 South Terrace,2
544,567,msimef3@infoseek.co.jp,8350 Blaine Plaza,5
545,732,lloitertonf4@cbc.ca,44274 Comanche Point,2
546,339,bsaggsf5@alexa.com,377 Lakeland Trail,2
547,188,dadelf6@chicagotribune.com,332 Farmco Avenue,4
548,117,btoraldf7@cyberchimps.com,997 Rockefeller Road,4
549,760,pambroschf8@icio.us,06827 Columbus Terrace,4
550,378,bfinkf9@chron.com,96402 Upham Circle,3
551,803,wfikefa@slate.com,1947 Service Park,2
552,500,ebayldonfb@umich.edu,67 Iowa Plaza,3
553,167,mfetherstanfc@wikia.com,930 Bultman Court,4
554,574,ksuthrenfd@webnode.com,19997 Independence Park,5
555,139,cbrimmicombefe@tuttocitta.it,9109 Pepper Wood Plaza,3
556,186,rantunesff@youtu.be,4 Artisan Court,4
557,284,cfronksfg@rakuten.co.jp,14550 Maple Wood Place,3
558,972,hhuglefh@china.com.cn,5 Dwight Plaza,5
559,935,htricefi@acquirethisname.com,2567 Atwood Road,1
560,662,stitlowfj@bravesites.com,377 Amoth Trail,2
561,599,italmanfk@telegraph.co.uk,69 Tennessee Lane,2
562,70,mpelmanfl@privacy.gov.au,38 Sommers Junction,2
563,497,pluckinfm@si.edu,4571 Muir Pass,2
564,77,bcranstounfn@sitemeter.com,11739 Clove Center,2
565,673,caizikovfo@cyberchimps.com,3347 Upham Plaza,4
566,388,scridlanfp@networkadvertising.org,80413 Bluestem Place,1
567,727,lkenyamfq@multiply.com,39798 Gateway Court,1
568,768,dconlaundfr@multiply.com,6316 Thompson Avenue,3
569,569,mfenwickfs@nationalgeographic.com,6170 Buell Parkway,5
570,473,bolearyft@nasa.gov,8 Lakewood Gardens Park,3
571,394,lrappoportfu@cbsnews.com,3 Mariners Cove Circle,5
572,740,kpeakfv@ted.com,6469 Ilene Road,3
573,158,kgoodreidfw@oaic.gov.au,749 Walton Junction,3
574,278,rscadfx@wix.com,9046 Londonderry Parkway,1
575,529,blucianify@accuweather.com,0 Utah Place,2
576,694,aranscombefz@imgur.com,37 Manitowish Trail,1
577,763,bgorryg0@etsy.com,9 Bunting Circle,2
578,358,edashg1@last.fm,47712 Springs Pass,5
579,524,fyterg2@delicious.com,1446 Manley Plaza,4
580,946,jdownageg3@cbsnews.com,934 Comanche Point,5
581,902,dyashing4@alibaba.com,5 Novick Lane,4
582,466,vhempshallg5@ning.com,93 Canary Lane,2
583,332,jbrunescog6@salon.com,65 Holy Cross Place,3
584,81,hseilerg7@tripod.com,11 Daystar Pass,4
585,43,hbeethamg8@chron.com,3499 Esker Avenue,3
586,505,lboscherg9@tumblr.com,6727 Golf Course Center,3
587,529,aingreega@census.gov,9 Dottie Point,5
588,933,rgunbygb@springer.com,8 Division Park,3
589,192,ggowardgc@nifty.com,2343 Boyd Place,5
590,750,wlinkegd@ucoz.com,20 Tony Street,5
591,491,gwillcoxge@who.int,5 Corry Avenue,5
592,397,jpollergf@fotki.com,17 Springs Terrace,5
593,128,stoquetgg@nhs.uk,6 Waxwing Avenue,4
594,518,nangusgh@spiegel.de,39890 Randy Terrace,1
595,431,nmussingtongi@free.fr,6487 Bay Terrace,5
596,390,greysongj@pen.io,5367 Londonderry Crossing,1
597,285,pdroghangk@dagondesign.com,39850 Sunfield Terrace,3
598,832,dlobbgl@si.edu,664 Mcbride Drive,5
599,201,rwoolmergm@angelfire.com,90 Morrow Circle,3
600,515,phellwichgn@photobucket.com,6 Nobel Road,3
601,461,hhabensgo@woothemes.com,0214 Bobwhite Place,1
602,221,klavignegp@huffingtonpost.com,029 Northwestern Street,3
603,71,bpeasbygq@uol.com.br,77983 Texas Circle,1
604,170,emurtimergr@nationalgeographic.com,5155 Corscot Junction,3
605,465,tbradmangs@i2i.jp,5 Summerview Street,3
606,696,eshervingtongt@howstuffworks.com,90 Weeping Birch Pass,2
607,363,chartigangu@photobucket.com,98310 Bellgrove Pass,2
608,165,rhurkettgv@dailymail.co.uk,47 Graedel Road,4
609,236,ifleurygw@businessweek.com,4979 Golf View Way,2
610,371,sannongx@mediafire.com,94593 Colorado Park,2
611,926,rstodhartgy@sakura.ne.jp,1698 Morning Crossing,2
612,328,obarnhamgz@tamu.edu,783 Bowman Court,1
613,171,apitcaithlyh0@tmall.com,81467 Bunting Junction,1
614,868,abernh1@gmpg.org,7979 Hudson Avenue,2
615,922,fhoveh2@archive.org,50 Morrow Way,5
616,391,cswainsburyh3@berkeley.edu,6830 Northport Crossing,2
617,629,vbezzanth4@statcounter.com,2 Bartillon Alley,3
618,248,tloadh5@flickr.com,26 Sullivan Parkway,2
619,220,jwardlowh6@domainmarket.com,48 Ruskin Drive,4
620,76,lhaffordh7@elpais.com,02090 Tomscot Center,5
621,285,noruddenh8@tiny.cc,2672 Saint Paul Place,1
622,657,wbeedh9@soundcloud.com,55330 Schlimgen Plaza,5
623,856,eantonopoulosha@weather.com,62152 Sherman Pass,4
624,99,mhaneshb@yandex.ru,77 La Follette Way,1
625,821,taronsonhc@forbes.com,34 Briar Crest Alley,3
626,60,lsexceyhd@google.co.jp,12744 Sommers Court,2
627,52,jjindahe@cnn.com,83 Fieldstone Plaza,4
628,971,nlabinhf@reference.com,514 Moland Drive,4
629,854,mmcareaveyhg@opensource.org,59 Forest Dale Junction,4
630,902,dcaddenhh@globo.com,258 Prairie Rose Terrace,2
631,488,stowsehi@gnu.org,301 Rigney Parkway,2
632,289,jworsfieldhj@engadget.com,094 Warner Plaza,4
633,135,sgoodbarhk@joomla.org,935 Mcbride Road,1
634,190,mstuchberryhl@admin.ch,9 Birchwood Crossing,1
635,119,cphinnessyhm@nydailynews.com,00503 Spaight Hill,3
636,839,gbarochhn@mapy.cz,84 Mitchell Center,3
637,194,gdunkho@time.com,6137 Declaration Plaza,4
638,151,arainonhp@icq.com,40 Morning Lane,3
639,688,sloveguardhq@twitter.com,93744 Oakridge Trail,3
640,891,jstraniohr@unc.edu,90 Becker Way,2
641,598,dduferhs@un.org,1690 Karstens Place,1
642,942,kkauscheht@wsj.com,06373 Merchant Alley,5
643,676,wkirtonhu@trellian.com,5721 Chinook Alley,5
644,619,cmillierhv@mapy.cz,94 Orin Junction,2
645,510,aallanshw@ebay.co.uk,5403 Buhler Court,2
646,42,hcamelinhx@sphinn.com,6976 Bunting Trail,4
647,853,jheweshy@reverbnation.com,67 Starling Center,3
648,634,ebassfordhz@flavors.me,8083 Loftsgordon Court,3
649,723,ggurgei0@apache.org,65 Algoma Park,3
650,57,lrraundli1@dropbox.com,283 Lakewood Gardens Parkway,5
651,790,kmaydwayi2@bbc.co.uk,88637 Lake View Avenue,1
652,125,tstanelandi3@nyu.edu,03 Grim Road,2
653,97,jcoupei4@google.it,6372 Amoth Crossing,3
654,358,bstuckowi5@vimeo.com,0864 Sundown Road,5
655,673,kambrosettii6@indiegogo.com,470 Forster Terrace,4
656,97,digglesdeni7@google.cn,2 Tomscot Crossing,2
657,299,aleupoldti8@biglobe.ne.jp,422 Havey Trail,4
658,34,pnobletti9@cdc.gov,0601 Russell Center,1
659,23,gelsleyia@cmu.edu,28815 Debra Street,3
660,776,ntrimnellib@omniture.com,92 Springs Crossing,5
661,591,tquartlyic@infoseek.co.jp,288 Mandrake Park,2
662,519,bosgarbyid@scribd.com,97 Green Court,2
663,221,swadwellie@forbes.com,59258 Spenser Court,2
664,323,hmatussovif@marketwatch.com,95 Homewood Circle,4
665,976,scurlingig@plala.or.jp,9888 Dapin Avenue,1
666,268,mferedayih@yellowbook.com,723 8th Lane,4
667,160,abassingdenii@wp.com,54921 Mariners Cove Court,1
668,320,vfressonij@bing.com,8455 Rusk Avenue,1
669,126,vlaskeyik@google.com.hk,001 Sullivan Way,2
670,199,lstileil@google.cn,041 Waubesa Crossing,4
671,506,ucoulmanim@stumbleupon.com,12691 Rigney Park,2
672,198,cbertouloumein@sfgate.com,69016 Fuller Circle,4
673,722,tewertio@flickr.com,795 Express Street,4
674,983,fterrettip@digg.com,5 Grayhawk Center,5
675,370,cbeadmaniq@yelp.com,58 Hintze Alley,3
676,143,hmosedallir@eventbrite.com,8 Old Gate Drive,4
677,4,jhawsbyis@typepad.com,067 Trailsway Street,4
678,910,ddoultonit@ow.ly,6 Ridgeview Junction,5
679,962,pfritchlyiu@wikispaces.com,76472 Prentice Street,1
680,637,mbondyiv@ucsd.edu,445 Stephen Court,1
681,951,dsheehyiw@sogou.com,7 Lake View Junction,1
682,201,kwoolfittix@joomla.org,1250 Eagan Alley,3
683,60,tdigiacomettinoiy@digg.com,84 Northridge Crossing,3
684,921,sscutchingiz@xrea.com,2 Harper Plaza,4
685,235,abrimmj0@house.gov,8463 7th Terrace,5
686,879,akulisj1@mayoclinic.com,7200 Armistice Junction,1
687,491,sbotfieldj2@xrea.com,076 Old Shore Plaza,1
688,993,dpegdenj3@nih.gov,5 Aberg Crossing,4
689,980,pmatyuginj4@shutterfly.com,70179 Esker Terrace,4
690,331,mmcgannj5@ask.com,15913 Forest Junction,3
691,158,nrobillartj6@ustream.tv,59 Forest Dale Crossing,4
692,753,dgoodeej7@com.com,8 Superior Parkway,3
693,82,rgerokj8@gmpg.org,37402 Maple Park,4
694,780,nlayhej9@umn.edu,9842 Mendota Court,1
695,421,dcastellettija@icq.com,009 Hallows Hill,5
696,157,drooneyjb@princeton.edu,89 Londonderry Terrace,2
697,191,cmowsleyjc@hostgator.com,486 Lighthouse Bay Lane,5
698,466,mnoltejd@reference.com,18693 Service Hill,2
699,8,gsapwellje@yelp.com,14 4th Point,1
700,959,kspikinsjf@wordpress.org,115 Express Street,4
701,966,lkerswilljg@phoca.cz,87 Graceland Parkway,5
702,499,mjanjusevicjh@alibaba.com,67522 Hollow Ridge Center,5
703,586,bcamousji@ask.com,343 Forster Place,4
704,933,spatinkinjj@illinois.edu,7 Butterfield Hill,2
705,418,ktondeurjk@indiatimes.com,85627 Westridge Parkway,2
706,685,fpicjl@google.fr,93654 Dixon Trail,2
707,989,lblackeslandjm@salon.com,60 Hooker Center,1
708,94,trodgejn@amazonaws.com,0158 Forster Way,4
709,659,dletherburyjo@amazon.co.uk,42303 Dovetail Hill,2
710,767,khenighanjp@fda.gov,5 Butterfield Parkway,2
711,433,jtestrojq@howstuffworks.com,34958 Artisan Junction,4
712,363,bgiraudeaujr@youtu.be,43036 Maple Wood Alley,4
713,627,mgrandhamjs@howstuffworks.com,27 Waxwing Center,3
714,79,rbabstjt@globo.com,1 Ryan Way,3
715,676,sfozzardju@xrea.com,38 Dahle Terrace,2
716,951,jkennjv@ebay.co.uk,94 Hazelcrest Avenue,5
717,83,clesekjw@wikia.com,0893 Tennessee Alley,4
718,823,cnevetjx@vistaprint.com,90 Hanover Plaza,2
719,754,dmccurryjy@europa.eu,92 Ruskin Plaza,2
720,63,afrieljz@joomla.org,9992 Ridge Oak Parkway,3
721,362,dmurneyk0@sciencedirect.com,66253 Cottonwood Hill,3
722,191,llehrlek1@ovh.net,253 Anhalt Park,4
723,632,fsandyfordk2@mayoclinic.com,17 Reindahl Place,1
724,589,rreinhartk3@plala.or.jp,28432 Emmet Circle,3
725,573,gphillisk4@admin.ch,97 Westridge Pass,3
726,280,oshelmerdinek5@delicious.com,72223 Chive Avenue,3
727,545,nsatterthwaitek6@ted.com,7436 Parkside Road,4
728,3,hgowenlockk7@cyberchimps.com,8 Quincy Hill,3
729,222,eheinzk8@plala.or.jp,221 4th Lane,1
730,238,rmordonk9@desdev.cn,444 Gerald Court,4
731,261,kohanleyka@jigsy.com,7 Lakewood Avenue,5
732,401,jfenderkb@howstuffworks.com,9818 Russell Terrace,3
733,974,rschollarkc@alibaba.com,4434 Havey Alley,1
734,7,jheismankd@phpbb.com,60 Karstens Street,2
735,641,twardingleyke@nyu.edu,08 2nd Terrace,2
736,775,dburstonkf@yellowbook.com,8 Randy Way,1
737,155,gassiterkg@xing.com,60820 Sachs Crossing,1
738,24,spetaschkh@typepad.com,836 Boyd Plaza,3
739,510,ghallaganki@hao123.com,6 Sherman Road,4
740,625,igarritleykj@cargocollective.com,20 Calypso Drive,5
741,796,jverrallkk@biglobe.ne.jp,03090 Eliot Hill,5
742,656,sshrimplinkl@weibo.com,1958 Annamark Place,2
743,835,ccatonkm@si.edu,084 La Follette Drive,5
744,342,ebleimankn@bloglovin.com,18 Glacier Hill Alley,4
745,836,iwhatleyko@51.la,644 Tennessee Road,4
746,10,tpriestnerkp@netscape.com,3792 6th Junction,5
747,21,dliggonskq@reverbnation.com,938 Di Loreto Junction,4
748,326,eastiekr@facebook.com,9035 Mcbride Lane,2
749,16,ecowlandks@ehow.com,739 Jenna Alley,1
750,144,jkemetkt@google.pl,733 Amoth Avenue,5
751,526,ajaggarku@reuters.com,51463 Stoughton Parkway,1
752,672,kburminghamkv@printfriendly.com,91 Autumn Leaf Avenue,5
753,21,sgyleskw@nymag.com,4499 Huxley Circle,4
754,86,gfibbitkx@yolasite.com,0480 Summit Park,4
755,762,mmcclevertyky@marriott.com,03 Boyd Junction,2
756,440,forrettkz@over-blog.com,0 Dennis Crossing,3
757,139,kanshelll0@earthlink.net,242 Ridge Oak Lane,3
758,709,sgoddertsfl1@pinterest.com,0 Canary Pass,3
759,37,kducroel2@merriam-webster.com,32222 Helena Hill,4
760,429,bcastellanl3@disqus.com,399 Arizona Park,2
761,4,ydevanneyl4@example.com,4355 Center Hill,5
762,74,mollerl5@marketwatch.com,85776 Anderson Point,4
763,313,gpeplerl6@purevolume.com,8711 Elgar Court,3
764,26,bclaysonl7@nytimes.com,800 Mockingbird Avenue,1
765,763,bmcgowranl8@ovh.net,48985 Anniversary Terrace,1
766,22,tleinweberl9@shareasale.com,87 Forest Run Lane,3
767,111,ksturgeonla@edublogs.org,1 Lighthouse Bay Circle,5
768,500,ecaseslb@yellowpages.com,77731 Debra Pass,5
769,202,lwelfarelc@marketwatch.com,053 Maple Wood Hill,2
770,76,rgartlandld@soup.io,13721 Bonner Way,5
771,722,dtibaltle@webmd.com,142 Holy Cross Lane,3
772,186,mwaterlf@reuters.com,2594 Farmco Court,3
773,658,acheeverslg@weather.com,300 Pawling Park,4
774,370,dquenelllh@de.vu,31498 Village Place,3
775,426,agittoseli@bigcartel.com,602 Rockefeller Park,1
776,286,gezzlelj@wunderground.com,327 Scofield Alley,2
777,135,scoyishlk@theguardian.com,15 Nancy Junction,2
778,924,ccrunkhurnll@stumbleupon.com,03 Bashford Park,4
779,246,wbraybrookslm@yahoo.co.jp,140 Artisan Crossing,4
780,424,lspringallln@vk.com,663 Moose Junction,3
781,746,sthurskelo@parallels.com,318 Oneill Hill,3
782,253,lcaudelierlp@multiply.com,248 Northfield Crossing,3
783,765,csmileylq@accuweather.com,9555 Butterfield Plaza,4
784,188,fandresenlr@163.com,09422 Lake View Way,4
785,337,jwhitmarshls@last.fm,789 Prairieview Terrace,2
786,102,sojedalt@lulu.com,1 Nova Point,5
787,491,ashepheardlu@auda.org.au,43124 Rowland Park,1
788,301,jpraundlinlv@comsenz.com,7 Scoville Plaza,5
789,488,kpetcheylw@odnoklassniki.ru,72 Pond Alley,2
790,378,jgeaterlx@printfriendly.com,06947 Sunnyside Court,4
791,555,tschaffelly@nytimes.com,87 Kim Road,3
792,340,sshimonylz@tamu.edu,2824 Longview Crossing,1
793,949,ehartingtonm0@apple.com,15 Bluestem Junction,3
794,344,adugganm1@edublogs.org,39 Russell Terrace,2
795,682,gladloem2@webmd.com,88 Bultman Point,1
796,973,aedmondsonm3@barnesandnoble.com,8935 Sunbrook Avenue,3
797,299,tgiacobiliom4@ocn.ne.jp,38347 Iowa Trail,3
798,547,vclohiseym5@xing.com,0208 Kingsford Court,3
799,328,jdukesm6@1688.com,85 Darwin Pass,4
800,336,lsandeym7@hubpages.com,2947 Summer Ridge Point,1
801,43,gvaszolym8@godaddy.com,09964 Morrow Junction,1
802,533,gbettlesonm9@taobao.com,139 Buhler Avenue,5
803,984,ctryma@examiner.com,3445 Jana Way,3
804,236,eoskehanmb@dot.gov,04 Banding Pass,1
805,702,movernellmc@phpbb.com,128 Haas Road,4
806,325,bmarshmd@comcast.net,076 Elka Way,4
807,560,pesslementme@smh.com.au,253 Delladonna Crossing,5
808,315,jethersonmf@umn.edu,18620 Declaration Alley,3
809,162,sgrgicmg@reverbnation.com,004 Brown Junction,1
810,638,mjerschkemh@hp.com,0 Kingsford Center,4
811,399,bdrainsmi@businesswire.com,6513 Eagan Pass,3
812,475,mclilverdmj@ehow.com,062 Elgar Trail,5
813,795,hattackmk@newyorker.com,7590 South Center,1
814,503,ajirusml@amazonaws.com,0 Ramsey Hill,2
815,326,egerholzmm@histats.com,1 Truax Plaza,2
816,306,fpinermn@sciencedirect.com,35 Riverside Circle,5
817,513,cverriourmo@unblog.fr,83774 Upham Hill,3
818,68,wpippardmp@geocities.com,110 Sugar Place,2
819,686,lkleintmq@nature.com,9440 Sullivan Pass,3
820,15,bpiesingmr@columbia.edu,4 Logan Point,3
821,303,ihubbardms@bizjournals.com,72920 Garrison Center,4
822,497,ahanckemt@theglobeandmail.com,85986 Basil Avenue,2
823,284,cpretomu@phpbb.com,93 Upham Street,1
824,755,agaudinmv@epa.gov,7 Commercial Point,3
825,983,dnethercliftmw@myspace.com,8706 Sunnyside Drive,5
826,782,bmatusmx@simplemachines.org,5 Claremont Park,3
827,338,clettucemy@seesaa.net,14230 International Lane,4
828,931,haxfordmz@pcworld.com,33 Cordelia Trail,4
829,181,jbellinon0@delicious.com,2626 Myrtle Trail,2
830,443,sgostagen1@google.co.uk,6 Pond Crossing,4
831,282,gparmetern2@posterous.com,95 Swallow Hill,4
832,234,ccurralln3@furl.net,8 Anthes Junction,1
833,154,mburtn4@cyberchimps.com,3 Mendota Parkway,5
834,830,mtesimonn5@skyrock.com,27084 Sundown Park,2
835,801,amorpethn6@guardian.co.uk,085 Derek Avenue,5
836,944,nsimmonettn7@paypal.com,37575 Scott Alley,5
837,735,dwardenn8@rambler.ru,284 Pankratz Way,4
838,449,kdabrowskin9@nifty.com,77 Sherman Alley,2
839,825,fbiernackina@nba.com,4126 Division Way,1
840,88,tfoldsnb@tinypic.com,70884 Texas Road,2
841,724,eheightnc@drupal.org,99 Kinsman Parkway,2
842,625,cmincind@behance.net,231 Sullivan Circle,3
843,467,tspadazzine@cbslocal.com,65 Rigney Junction,1
844,142,dkleebornnf@symantec.com,72 Monument Way,3
845,972,lbaulchng@amazon.co.uk,2057 Jay Crossing,2
846,678,hdobbingsnh@unblog.fr,16820 Sunbrook Junction,4
847,796,khartfleetni@mapquest.com,3 Glacier Hill Terrace,5
848,302,switchallsnj@posterous.com,1477 Beilfuss Lane,1
849,576,nwhiffennk@home.pl,237 Manitowish Place,4
850,751,gmanthorpenl@yahoo.com,873 Sage Junction,4
851,957,gdochartynm@uiuc.edu,7054 Russell Parkway,4
852,698,bfleischmannnn@bloglovin.com,9 Pawling Terrace,1
853,495,eorielno@indiatimes.com,99 Elgar Terrace,3
854,666,badamowitznp@irs.gov,1427 Everett Place,3
855,804,pchiommientinq@dot.gov,5 Alpine Trail,3
856,609,inaceynr@arizona.edu,4667 Shopko Trail,1
857,211,gprotherons@accuweather.com,23511 Beilfuss Place,4
858,942,glarringtonnt@google.it,0 Straubel Trail,1
859,130,mectornu@etsy.com,3 Fairview Hill,3
860,217,fairlienv@photobucket.com,318 Mesta Road,2
861,943,ktideynw@google.com.hk,202 8th Hill,5
862,354,mmcawnx@uol.com.br,2 Weeping Birch Crossing,3
863,861,etrevarthenny@yelp.com,4 Division Center,2
864,796,gcoennz@quantcast.com,2453 School Point,2
865,868,wflecknoeo0@skyrock.com,8 Warner Court,1
866,850,mburnallo1@ucoz.ru,9701 Schiller Road,1
867,102,lfrondto2@fema.gov,79952 Mccormick Way,5
868,470,rmcritchieo3@flickr.com,717 Parkside Alley,3
869,600,kmouano4@addtoany.com,625 Toban Park,3
870,375,cpickero5@tripadvisor.com,6172 Sachtjen Way,2
871,184,abarnwallo6@cbc.ca,47303 Kennedy Terrace,4
872,756,cbuddingo7@etsy.com,30055 Westend Place,1
873,783,ckielto8@state.gov,591 Roth Plaza,5
874,318,scatterello9@privacy.gov.au,68 Hintze Center,3
875,521,vfilleroa@xrea.com,1 Hoffman Road,4
876,581,gburginob@nasa.gov,25 Kipling Lane,2
877,973,korltonoc@multiply.com,546 Pennsylvania Circle,3
878,838,wmariotod@thetimes.co.uk,98 Michigan Circle,5
879,130,rmaccrieoe@addtoany.com,36 Anniversary Lane,2
880,251,hdenzeyof@wikispaces.com,7 Hermina Plaza,2
881,806,ltschirascheog@slashdot.org,0 Fremont Road,3
882,188,fhassenoh@ezinearticles.com,75 Kings Court,2
883,869,dmacfarlandoi@acquirethisname.com,64 Ruskin Place,2
884,554,molennaneoj@people.com.cn,0437 Macpherson Way,2
885,402,dlynesok@artisteer.com,36033 Riverside Circle,2
886,743,tfoundol@networksolutions.com,55 Sunbrook Terrace,4
887,621,xpettom@timesonline.co.uk,37 Tennessee Trail,3
888,486,hbesseton@netvibes.com,5 Spohn Parkway,2
889,52,mskurrayoo@plala.or.jp,5 Waubesa Lane,1
890,154,kshewenop@youtube.com,52 Becker Court,4
891,353,mharleyoq@nytimes.com,0451 Crowley Point,1
892,191,gdelapor@apache.org,50826 Melody Point,2
893,824,rhumphriesos@google.it,320 Ruskin Point,3
894,425,kcottinghamot@sourceforge.net,0 Sachtjen Street,5
895,2,kstoakou@dell.com,243 Di Loreto Lane,2
896,77,njacmarov@dagondesign.com,81 Springview Junction,4
897,427,lileyow@sina.com.cn,66 Beilfuss Junction,4
898,4,tamisox@github.com,8 Canary Circle,5
899,754,pkenrickoy@netlog.com,83 Bluejay Crossing,2
900,678,dprozillooz@rediff.com,9662 Texas Junction,1
901,965,bchamp0@elegantthemes.com,11 Maywood Trail,4
902,838,dlevickp1@cnet.com,7382 Lyons Plaza,2
903,526,csellerp2@blogtalkradio.com,88 Carey Pass,3
904,815,smcblainp3@cargocollective.com,4589 Thackeray Terrace,5
905,617,bgateshillp4@dagondesign.com,92 Gale Terrace,2
906,930,sbrimhamp5@miibeian.gov.cn,543 Melody Street,4
907,341,mstqueintainp6@google.de,8145 Arrowood Alley,4
908,730,sgledhillp7@patch.com,05415 New Castle Hill,1
909,943,dyankishinp8@bloglovin.com,53511 Bayside Place,1
910,301,gdemarchip9@spiegel.de,79 Shopko Junction,1
911,387,acalverleypa@tamu.edu,610 Montana Road,4
912,728,afosseypb@china.com.cn,37611 Schurz Point,1
913,302,rmcdowallpc@xing.com,3 Oriole Parkway,2
914,256,abuchanpd@about.me,7 Algoma Road,3
915,19,cburfordpe@hud.gov,7709 Hayes Drive,5
916,504,sporteouspf@trellian.com,5474 Elka Alley,1
917,851,fechalliepg@sitemeter.com,54 Village Green Place,4
918,888,wgatesmanph@virginia.edu,01570 Florence Park,3
919,112,gjewispi@usa.gov,2 Westend Junction,3
920,4,pharrhypj@msu.edu,5570 Fulton Street,1
921,9,mborlandpk@weibo.com,0 Buena Vista Street,1
922,681,mlygopl@soundcloud.com,4502 David Hill,5
923,832,pcrosoerpm@live.com,67871 Delladonna Hill,5
924,905,sventhampn@about.com,639 Sommers Street,5
925,569,tluceypo@digg.com,0585 Hermina Plaza,4
926,811,gazemarpp@dyndns.org,0 Pleasure Avenue,1
927,465,jlaypq@usnews.com,85347 Daystar Point,2
928,618,emamwellpr@slideshare.net,526 Anhalt Trail,3
929,391,mmackenps@geocities.com,5 Mayer Drive,2
930,770,bpaddickpt@ifeng.com,80 Walton Crossing,4
931,342,callibonepu@amazon.com,53889 Walton Street,4
932,578,bpettiforpv@ihg.com,29125 Golf Course Way,5
933,693,epavelpw@baidu.com,59 Northland Plaza,4
934,969,aborgnolpx@google.cn,764 7th Pass,3
935,212,tdescoffierpy@nytimes.com,377 Westend Circle,5
936,283,dskipppz@buzzfeed.com,4 Riverside Drive,2
937,891,hmeashamq0@umn.edu,4234 Anthes Way,1
938,78,lrissomq1@1und1.de,30 Bartelt Plaza,2
939,171,gobbardq2@earthlink.net,32607 Butternut Terrace,4
940,182,skellogq3@answers.com,32 Rowland Alley,3
941,662,vfolomkinq4@bluehost.com,70492 Scott Terrace,2
942,880,wgeroldoq5@prlog.org,508 Kropf Park,3
943,665,eswanboroughq6@slashdot.org,549 Westridge Park,2
944,871,brennenbachq7@webeden.co.uk,8071 Barby Road,4
945,309,sbottiniq8@quantcast.com,45831 Lighthouse Bay Court,2
946,923,cdewdenyq9@mozilla.org,9 Valley Edge Way,5
947,183,jbristoeqa@illinois.edu,9 Florence Park,4
948,202,gnorganqb@netvibes.com,25 South Park,5
949,499,lfessbyqc@php.net,51 Amoth Circle,3
950,36,cewellqd@nsw.gov.au,061 Transport Hill,3
951,389,astoyleqe@un.org,6 Sauthoff Point,5
952,396,lhappsqf@comsenz.com,1945 Elmside Lane,5
953,869,zpinarqg@shareasale.com,6 Warner Lane,2
954,752,btizardqh@cnn.com,1314 Lunder Park,4
955,110,kdurhamqi@devhub.com,56 Northport Plaza,5
956,360,aclyantqj@flickr.com,06 Prairie Rose Road,1
957,843,wmathiasqk@merriam-webster.com,8 Ridgeview Lane,4
958,311,lmacdearmidql@angelfire.com,8 Arkansas Hill,3
959,390,newolsqm@sun.com,1 Hagan Parkway,5
960,107,gaiskovitchqn@whitehouse.gov,12388 Roth Park,4
961,976,ckiddsqo@nih.gov,0320 Badeau Street,5
962,416,cflugerqp@yellowbook.com,0153 Homewood Place,2
963,831,abiltonqq@google.pl,909 Karstens Way,2
964,212,evuitteqr@deviantart.com,579 Morning Circle,3
965,657,kmckeandqs@cnn.com,78 Linden Circle,3
966,340,jguareqt@cisco.com,43 Becker Lane,3
967,146,mduthiequ@g.co,42982 Carioca Drive,5
968,18,mlafrentzqv@census.gov,0691 Springview Trail,3
969,239,mtupperqw@weebly.com,13 Scott Lane,5
970,226,wsolesburyqx@google.fr,1604 Springview Avenue,2
971,60,hlambirthqy@howstuffworks.com,88823 Hermina Crossing,4
972,555,mjerschkeqz@blog.com,37 Fremont Crossing,1
973,683,efearensider0@theglobeandmail.com,9420 Tomscot Junction,5
974,119,ssabathierr1@nasa.gov,4 Loeprich Park,4
975,188,sheightr2@infoseek.co.jp,7 Brickson Park Terrace,1
976,785,aclementsr3@w3.org,2 Stuart Avenue,3
977,243,mcuskeryr4@independent.co.uk,10181 Westridge Center,5
978,542,dsealover5@huffingtonpost.com,58782 Fair Oaks Way,5
979,403,rklemmtr6@home.pl,29291 Pawling Drive,5
980,390,jpinkertonr7@tamu.edu,8690 2nd Court,4
981,38,rhyderr8@xing.com,29 Mifflin Junction,5
982,351,rlauridsenr9@godaddy.com,05817 Oakridge Pass,1
983,675,lgainesra@china.com.cn,47 Farmco Park,4
984,998,istuartrb@deviantart.com,9 Mockingbird Parkway,4
985,853,scochernrc@wikia.com,398 Dawn Center,5
986,201,mcrosswaiterd@pcworld.com,8451 Crownhardt Hill,3
987,986,fplaskittre@nymag.com,7 Twin Pines Terrace,1
988,63,hofarrellrf@cornell.edu,203 Ruskin Park,3
989,580,sarmerrg@msn.com,8867 Susan Court,5
990,565,zinnisrh@phpbb.com,75 Rutledge Center,2
991,388,kmckerrowri@google.ca,3024 Northfield Hill,1
992,858,cgalifordrj@blogs.com,85 Clyde Gallagher Road,4
993,647,ngladbeckrk@amazon.de,2037 Del Sol Alley,5
994,245,bcolbornrl@biblegateway.com,9 Upham Circle,4
995,917,fmanktelowrm@archive.org,386 Crest Line Avenue,1
996,176,uhefferanrn@oracle.com,52684 Anhalt Lane,2
997,429,sbrianro@patch.com,1 Dawn Avenue,2
998,889,sepslyrp@homestead.com,0535 Luster Avenue,4
999,181,dokerq@istockphoto.com,431 Harbort Drive,4
1000,264,fshearnrr@hp.com,08 Lakewood Hill,1
