ReviewerID,FoodbankID,ReviewerEmail,foodbank,numofstars
959,835,pligertwood0@acquirethisname.com,Lajo,3
927,450,npechell1@parallels.com,Twitterwire,2
249,541,asimeoni2@sbwire.com,Wordware,3
292,867,canglim3@bandcamp.com,Thoughtbeat,2
224,127,tcowlard4@salon.com,Ailane,5
10,459,rkiff5@pen.io,Fivechat,2
524,801,msawer6@google.pl,Skilith,2
338,706,escrace7@wsj.com,Ooba,5
85,654,slie8@geocities.com,Jaxworks,2
552,750,ewestwood9@dell.com,Wordtune,5
138,976,cschustera@storify.com,Twinte,4
167,326,lbackshawb@mapquest.com,Centizu,5
327,763,fcramphornc@economist.com,Topicware,2
875,61,jjepensend@wikispaces.com,Gabcube,5
158,564,atrivette@hibu.com,Bubblebox,1
36,901,cteazef@comcast.net,Quimba,1
650,412,iwhateg@sourceforge.net,Wordware,5
139,790,fmccrackenh@sbwire.com,Voomm,4
89,720,ntryei@dmoz.org,Tagopia,2
789,714,asherrattj@desdev.cn,Edgetag,3
792,186,fantoniettik@vk.com,Rhynoodle,3
647,917,ktweedyl@blogger.com,Skinder,2
624,321,blastem@mapy.cz,Eabox,2
942,796,dlaborden@archive.org,Skyba,2
438,327,pwitchello@livejournal.com,Skinte,5
319,751,apighillsp@deliciousdays.com,Muxo,4
331,363,ibriiginshawq@youtu.be,Mymm,4
643,426,epringerr@qq.com,Thoughtsphere,3
457,539,rbullockes@census.gov,Skipstorm,3
381,194,nreadwoodt@alexa.com,Mybuzz,1
338,919,jkuscheku@altervista.org,Voomm,3
94,767,cstotv@chicagotribune.com,Quire,1
409,599,radriaensw@bloglines.com,Livetube,3
586,573,ggotlingx@cbslocal.com,Quire,2
793,315,amansfieldy@scribd.com,Yadel,5
992,472,aradnedgez@fda.gov,Realcube,1
473,708,kreavey10@nasa.gov,Voonder,4
547,898,jschwant11@list-manage.com,Yakitri,4
211,255,amcinerney12@spiegel.de,Vidoo,1
438,524,vtopley13@freewebs.com,Quatz,4
693,438,jradbone14@miitbeian.gov.cn,Trunyx,4
183,21,isuarez15@scientificamerican.com,Zoomdog,5
809,453,msilverson16@163.com,Gabtype,2
59,663,rmaccoughan17@who.int,Brainlounge,5
810,154,umachan18@trellian.com,Fivebridge,4
424,379,wcanceller19@vistaprint.com,Skippad,4
511,385,bdooley1a@howstuffworks.com,Skilith,1
201,916,jjotcham1b@opensource.org,Topicstorm,1
49,688,ztreanor1c@prlog.org,Thoughtbeat,3
734,782,amountford1d@lulu.com,Tagfeed,3
581,415,doreagan1e@ovh.net,Shufflester,1
879,334,rgirkins1f@google.co.uk,Twimbo,1
297,673,efitzroy1g@netlog.com,Yodel,1
316,743,iservice1h@elegantthemes.com,JumpXS,3
879,368,mcapitano1i@blogs.com,DabZ,3
639,792,ghousecraft1j@wp.com,Bluejam,2
584,905,svolkers1k@dmoz.org,Jaxbean,1
527,466,ldanett1l@mediafire.com,Thoughtstorm,2
160,998,fborkett1m@sciencedaily.com,Skidoo,2
537,439,pruselin1n@umich.edu,Zoonder,2
596,601,jwoodwind1o@wp.com,Omba,2
956,757,ystuther1p@reverbnation.com,Bubbletube,1
27,435,rmurfin1q@google.cn,Divape,1
235,309,wputtick1r@senate.gov,Gigabox,4
411,98,vrubega1s@imdb.com,Yacero,4
660,35,ndecleyne1t@marketwatch.com,Thoughtsphere,3
781,911,rondra1u@deviantart.com,Vidoo,5
130,580,eockendon1v@who.int,Flipbug,3
257,270,astoppard1w@reddit.com,Skipstorm,4
127,10,jwoodrooffe1x@jiathis.com,Realmix,3
900,973,cjarrard1y@unc.edu,Yata,3
550,392,yplascott1z@creativecommons.org,Wordify,5
221,113,broydon20@arstechnica.com,Twitterbridge,4
385,87,aclorley21@sourceforge.net,Camido,3
106,979,cjoskowitz22@bing.com,Gigaclub,2
886,931,bmallison23@photobucket.com,Yakidoo,3
365,39,aspoure24@indiegogo.com,Devcast,5
766,165,cthursfield25@homestead.com,Photobug,3
764,269,mgotcliff26@blogtalkradio.com,Podcat,5
420,897,baberkirder27@soup.io,Mydo,3
389,48,grisebrow28@vimeo.com,Flashset,5
790,121,emcamish29@cyberchimps.com,Latz,2
79,48,cbedingfield2a@hubpages.com,Browsedrive,2
757,219,rcurr2b@mac.com,Quaxo,4
627,791,omcarte2c@google.co.jp,Meetz,1
534,873,vvales2d@posterous.com,Skinder,5
154,421,pschurcke2e@jigsy.com,Meedoo,1
836,459,klunn2f@123-reg.co.uk,Ntags,1
591,351,ccosford2g@theguardian.com,Demizz,1
323,904,amcclelland2h@techcrunch.com,Yacero,3
581,13,aburg2i@hatena.ne.jp,Chatterbridge,2
121,98,cpowlett2j@vk.com,Eabox,2
548,447,cjaukovic2k@cbsnews.com,Bubbletube,3
549,300,hlemerie2l@acquirethisname.com,Zoombox,5
745,632,ngrinnov2m@hibu.com,Browsecat,4
38,298,closty2n@state.gov,Zoonoodle,4
300,889,ccogan2o@cam.ac.uk,Riffwire,2
216,817,pleggon2p@europa.eu,Brainlounge,1
173,102,hwhimp2q@fda.gov,Zava,1
840,967,pperri2r@liveinternet.ru,Blogtag,4
789,964,btowell2s@va.gov,Rhybox,5
924,424,hmizen2t@stumbleupon.com,Quimba,5
828,55,fbannester2u@princeton.edu,Janyx,3
418,294,escrigmour2v@creativecommons.org,Jabbercube,4
161,417,rbaitey2w@webmd.com,Katz,3
612,602,djanusik2x@latimes.com,Katz,2
438,756,csymon2y@eepurl.com,Jaxworks,2
824,381,vhedling2z@ftc.gov,Rooxo,3
20,474,oruberti30@harvard.edu,Feedfire,3
837,115,lshorland31@bluehost.com,Skibox,2
406,394,lmorstatt32@mayoclinic.com,Thoughtworks,5
514,379,hcaris33@berkeley.edu,Twitterbridge,4
816,638,hratnege34@devhub.com,Jabberbean,4
846,348,cmccartan35@liveinternet.ru,Riffpedia,4
464,892,cboyse36@1688.com,Jabbersphere,1
812,190,cmaker37@dyndns.org,Wikizz,3
779,111,floxly38@virginia.edu,Blogtag,5
527,818,dgibbens39@naver.com,Fliptune,4
891,801,mtawn3a@linkedin.com,JumpXS,2
493,653,cjedrasik3b@unblog.fr,Edgeblab,2
686,73,mlohmeyer3c@bloglovin.com,Trilith,4
988,246,ybennell3d@cpanel.net,Brainverse,1
851,715,aalmond3e@mac.com,Gigashots,4
144,25,sduley3f@printfriendly.com,Wikido,1
524,340,fhandscomb3g@cyberchimps.com,Skyvu,1
371,754,rwithur3h@sciencedaily.com,Ailane,2
781,774,tmaydway3i@archive.org,DabZ,5
873,681,xburman3j@eepurl.com,Oyope,3
107,653,hbraid3k@cnet.com,Babbleblab,3
581,542,cleslie3l@storify.com,Livetube,2
892,299,jwooldridge3m@over-blog.com,Gabtune,2
809,429,rharesnape3n@redcross.org,Centidel,3
412,450,utrobey3o@google.de,Innojam,3
168,543,mpeach3p@rediff.com,Meembee,4
7,981,idunridge3q@umn.edu,Tagchat,3
952,428,lbenfield3r@imageshack.us,Linkbridge,4
606,488,clearmonth3s@qq.com,Geba,4
720,758,nlappin3t@tripadvisor.com,Oyondu,2
23,666,oduggan3u@statcounter.com,JumpXS,3
52,158,cferdinand3v@webs.com,JumpXS,4
380,95,rhincham3w@unesco.org,Dynazzy,4
299,331,twillcott3x@ucoz.com,Youtags,1
782,946,ggranham3y@nationalgeographic.com,Tagchat,5
216,484,nmully3z@who.int,Oyoba,3
68,253,pnorker40@redcross.org,Reallinks,5
666,225,dwagg41@usda.gov,Twitterworks,5
776,24,sbestar42@free.fr,Livepath,1
894,445,pvlasyev43@sohu.com,Jamia,4
401,472,alismore44@smh.com.au,Tazzy,4
875,241,tdickin45@disqus.com,Vipe,2
948,197,anaisby46@amazon.de,Realcube,5
594,248,jstonman47@state.gov,Browsedrive,5
29,52,hlittledike48@archive.org,Zoovu,4
159,578,rdenormanville49@twitpic.com,Brightdog,5
858,501,lmarrill4a@simplemachines.org,Babblestorm,2
346,567,mcoupe4b@examiner.com,Voonyx,1
913,987,ecranmore4c@economist.com,Npath,4
972,65,dtaffley4d@instagram.com,Bluezoom,4
908,146,cmccullen4e@mtv.com,Bluezoom,2
829,873,karnould4f@e-recht24.de,Oba,3
178,637,gsimeon4g@pcworld.com,Dynabox,2
883,841,cpeachey4h@histats.com,Jabbertype,3
813,25,jpresland4i@mapy.cz,Fivebridge,1
56,923,nrangell4j@boston.com,Flashset,2
53,302,xteague4k@storify.com,Aimbu,4
304,616,iranald4l@digg.com,Youfeed,3
963,250,zfanshawe4m@squarespace.com,Wikibox,3
637,952,rscrafton4n@unc.edu,Oyonder,1
812,303,etimms4o@census.gov,Kanoodle,5
956,510,lbrooksbie4p@goo.gl,Podcat,5
541,68,imoffat4q@phpbb.com,Realbuzz,3
409,10,twaddy4r@foxnews.com,Flashspan,3
559,52,vquayle4s@123-reg.co.uk,Ailane,4
211,371,cvasilov4t@angelfire.com,Shufflester,2
240,633,cormonde4u@dmoz.org,Edgewire,1
276,751,amoens4v@networksolutions.com,Trudoo,1
222,724,bjohnys4w@disqus.com,Yotz,2
892,952,aclues4x@globo.com,Zoomdog,4
444,521,jkyte4y@independent.co.uk,Skimia,5
746,979,jbunton4z@last.fm,Geba,2
280,167,froads50@barnesandnoble.com,Linklinks,1
924,115,cbecks51@mozilla.com,Innotype,3
413,612,pcrimes52@soundcloud.com,Yadel,4
339,202,dricardin53@earthlink.net,Eare,3
600,997,agabrieli54@lycos.com,Skinder,3
413,669,osturgeon55@ed.gov,Quimba,2
32,772,gelcocks56@sitemeter.com,Meembee,3
913,362,idorsey57@nps.gov,Layo,3
956,932,mgrevile58@edublogs.org,Buzzster,2
969,540,lindruch59@printfriendly.com,Yombu,2
504,82,gmcdougall5a@cdc.gov,Skimia,2
959,826,wfelip5b@google.ca,Thoughtmix,5
708,38,zbrussels5c@paginegialle.it,Rooxo,5
307,968,ssherme5d@wikia.com,Quatz,1
775,750,mbarratt5e@java.com,Jabbersphere,5
806,552,hcasley5f@time.com,Zoomdog,5
52,118,ctimmons5g@fda.gov,Jabbersphere,5
99,607,cnotti5h@go.com,Trupe,2
951,838,rplastow5i@yandex.ru,Kaymbo,2
78,162,mchong5j@pcworld.com,Topicstorm,2
38,822,zhathway5k@about.com,Demimbu,2
43,223,tclementson5l@a8.net,Buzzbean,3
558,137,adinning5m@deliciousdays.com,Quatz,3
529,986,esteketee5n@blinklist.com,Fivebridge,2
313,461,cscrigmour5o@ask.com,Plambee,3
553,865,hbussy5p@marriott.com,Meevee,2
147,354,kportt5q@ebay.co.uk,Tagchat,1
785,188,elafaye5r@fema.gov,Realbuzz,4
82,470,ddorrell5s@elegantthemes.com,Fliptune,5
590,322,kjorgesen5t@fotki.com,Realpoint,1
211,377,fseakings5u@fastcompany.com,Fiveclub,1
615,403,bscoble5v@dion.ne.jp,Mynte,3
835,228,cmassenhove5w@ezinearticles.com,Flashpoint,4
149,590,pbinnell5x@google.fr,Browsebug,1
90,60,bsalling5y@dedecms.com,Yata,2
526,103,drotchell5z@imdb.com,Myworks,3
178,180,pwagner60@ask.com,Aivee,3
912,108,hbilbrooke61@adobe.com,Skyba,2
358,128,bhabbijam62@aboutads.info,Babblestorm,2
149,917,hasmus63@blogtalkradio.com,Wikizz,1
707,420,pwaylen64@multiply.com,Avaveo,4
283,797,kbiggin65@vistaprint.com,Aimbo,5
774,858,vtapton66@house.gov,Tagtune,3
142,431,slaurand67@smugmug.com,Cogibox,1
280,889,nhanretty68@symantec.com,Dabvine,1
359,681,gmohun69@google.ca,Topiclounge,5
696,598,egreenmon6a@epa.gov,Brainlounge,2
805,244,bhelbeck6b@prlog.org,Youfeed,4
223,294,cyakobovitz6c@who.int,Youfeed,2
79,330,ocaiger6d@tumblr.com,Feedmix,1
332,787,mmuneely6e@dagondesign.com,Brainlounge,5
240,288,gdraco6f@furl.net,Gabspot,2
615,120,lbergeon6g@cnn.com,Flashpoint,3
62,401,agarrold6h@jiathis.com,Dablist,1
659,368,ssokell6i@wikispaces.com,Feedspan,2
857,220,ecassells6j@mozilla.com,Meedoo,5
911,457,laddington6k@hatena.ne.jp,Skinte,1
791,101,mboissieux6l@desdev.cn,Zoombeat,3
886,366,bosesnane6m@ovh.net,Vipe,5
996,247,qwyldbore6n@github.com,Topdrive,1
968,604,epayfoot6o@apple.com,Tavu,1
417,124,lmutton6p@webeden.co.uk,Avavee,5
929,343,pcalcut6q@cnbc.com,Oyoba,4
729,800,bwathell6r@istockphoto.com,Meetz,4
73,266,fantley6s@alexa.com,Gigazoom,2
417,312,mlonnon6t@last.fm,Ainyx,4
569,362,esiddon6u@oaic.gov.au,Twitterbeat,5
28,63,omanthroppe6v@clickbank.net,Photolist,1
28,498,spountney6w@columbia.edu,Rhybox,4
188,955,mtoffoletto6x@baidu.com,Mydeo,3
771,663,croadknight6y@redcross.org,Meetz,4
245,176,kmedmore6z@wp.com,Youspan,2
584,914,rnuzzi70@ebay.com,Zoonoodle,1
433,50,hchesnut71@tuttocitta.it,Twitterbridge,3
494,889,vmyrkus72@nifty.com,Linklinks,2
694,747,mminghetti73@dailymotion.com,Riffwire,4
749,109,bcleugh74@desdev.cn,Dynabox,2
391,294,dmcmeeking75@devhub.com,Kimia,3
413,861,bcawthery76@ameblo.jp,Ozu,3
506,509,nnorbury77@shutterfly.com,Mycat,2
709,534,aalster78@bluehost.com,Janyx,3
536,406,gprout79@friendfeed.com,Voonder,5
20,563,sclurow7a@skype.com,InnoZ,2
69,600,phalls7b@biblegateway.com,JumpXS,4
155,924,maizikov7c@etsy.com,Skinder,3
750,206,ecaseri7d@skyrock.com,Dabjam,4
288,376,hgregoriou7e@illinois.edu,Vinte,2
669,94,mboughey7f@goodreads.com,Skippad,2
198,173,mthewlis7g@blogspot.com,Photospace,4
790,439,jadams7h@dell.com,Realblab,3
141,689,edorber7i@sfgate.com,Jayo,1
476,291,dmerdew7j@a8.net,Tagtune,5
101,509,mbilles7k@weather.com,Twitterworks,5
794,62,rfosdick7l@samsung.com,Photolist,4
61,917,pfinessy7m@illinois.edu,Jaxspan,4
767,897,coliphand7n@home.pl,Dabjam,1
874,48,dedlyn7o@github.io,Skippad,2
51,230,rchester7p@noaa.gov,Yambee,2
619,94,wgyenes7q@barnesandnoble.com,Chatterpoint,2
784,546,cmcsparran7r@cnet.com,Latz,2
591,213,mvalentine7s@europa.eu,Centimia,1
652,36,dbraybrookes7t@alexa.com,Einti,3
442,741,hbusfield7u@wufoo.com,Aivee,4
711,463,pwestoll7v@dot.gov,Abatz,2
852,646,kgenthner7w@miitbeian.gov.cn,Yozio,4
202,229,bdeverill7x@furl.net,Topicware,3
971,323,dwedderburn7y@themeforest.net,Meemm,5
23,861,rghidetti7z@meetup.com,Jaxspan,5
276,373,hlocal80@aol.com,Gabspot,3
510,547,mrosenfeld81@salon.com,Livetube,4
71,353,vkopacek82@bigcartel.com,Vidoo,1
296,965,cshovlin83@amazon.co.uk,LiveZ,3
966,635,qranyell84@cbslocal.com,Jamia,4
44,954,fcragoe85@paypal.com,DabZ,2
622,432,wedel86@github.io,Meevee,5
364,460,nyearn87@unc.edu,Yodoo,4
466,520,ctookey88@clickbank.net,Voomm,5
543,739,mtangye89@netvibes.com,Realcube,3
223,273,ladin8a@chronoengine.com,Meetz,5
10,155,dbrosius8b@apache.org,Voomm,5
4,207,gkenwood8c@xrea.com,Topiczoom,2
309,222,ahalloway8d@dailymotion.com,Skinte,3
74,546,mbonny8e@ow.ly,Gevee,5
424,608,rminucci8f@weather.com,Jabberstorm,3
62,23,bband8g@wunderground.com,Dablist,1
707,990,askelbeck8h@weebly.com,Ntag,2
873,120,kstroband8i@dagondesign.com,Yakidoo,2
168,409,jmurname8j@jugem.jp,Realmix,3
176,364,vmullinger8k@who.int,Jabbersphere,4
900,418,arobbins8l@apple.com,Youbridge,5
604,21,mgason8m@illinois.edu,Zoozzy,2
852,591,avanderlinde8n@wired.com,Voonte,4
823,785,tproudlove8o@sbwire.com,Meemm,2
738,365,emacnelly8p@purevolume.com,Myworks,1
102,590,hgilgryst8q@biblegateway.com,Realcube,3
861,92,nnayshe8r@washington.edu,Fivespan,4
206,547,ahinkensen8s@phpbb.com,Jaxbean,1
193,74,abodell8t@umn.edu,Quinu,5
88,619,jsporner8u@ox.ac.uk,Browsedrive,4
174,875,aaldham8v@qq.com,Thoughtblab,5
646,906,skellick8w@photobucket.com,Ailane,4
609,488,omckim8x@last.fm,Avavee,3
460,793,gzellner8y@about.me,Thoughtbridge,3
694,415,cbazeley8z@qq.com,Brightbean,2
226,466,gsmiley90@privacy.gov.au,Rhynoodle,3
767,870,rlinford91@ycombinator.com,JumpXS,4
943,662,flarret92@usnews.com,Kanoodle,2
401,608,glinthead93@hao123.com,Zooveo,5
50,630,apinches94@unesco.org,Oyoba,3
467,545,tvigars95@omniture.com,Realfire,1
721,322,dglew96@va.gov,Yabox,1
795,966,wcroke97@ucoz.ru,Rhybox,5
77,874,gofaherty98@prlog.org,Bubbletube,3
359,800,gmemmory99@adobe.com,Yacero,4
856,789,rshovelbottom9a@vkontakte.ru,Flipstorm,2
837,983,thelis9b@unicef.org,Meedoo,3
369,308,pspelling9c@ftc.gov,Wordware,4
30,125,abulford9d@gravatar.com,Devpoint,3
264,473,lmates9e@ucsd.edu,Wordify,5
578,464,cwhitwham9f@miibeian.gov.cn,Quinu,2
702,301,rbonnell9g@forbes.com,Centizu,4
293,141,hbickerstaff9h@canalblog.com,Eabox,2
718,926,mwisson9i@netscape.com,Topiclounge,4
740,345,rravenscraft9j@foxnews.com,Digitube,4
509,907,amaccaughan9k@stanford.edu,Wikido,5
110,487,jbubbear9l@ebay.co.uk,Livepath,4
274,532,etincey9m@amazon.com,Lazzy,3
749,789,zmale9n@flickr.com,Browseblab,4
92,200,zschouthede9o@mediafire.com,Fanoodle,3
176,41,gshowt9p@opera.com,Riffpedia,4
199,785,dbengall9q@naver.com,Skimia,1
739,694,ajowers9r@liveinternet.ru,Linkbridge,2
712,996,cdowyer9s@eventbrite.com,Blogspan,1
788,787,hdanbrook9t@reddit.com,Yotz,1
575,176,mmarchello9u@techcrunch.com,Brainverse,5
664,816,imcgibbon9v@utexas.edu,Avamba,4
637,203,celias9w@va.gov,Mydeo,3
521,419,krowdell9x@berkeley.edu,Quire,2
114,968,aantyukhin9y@cbc.ca,Ooba,4
339,759,edulin9z@newsvine.com,Voonder,2
9,548,mscudamorea0@1688.com,Aimbo,5
492,479,bgreschika1@aboutads.info,Twimbo,1
819,262,dgusneya2@comcast.net,Jaxworks,3
765,366,sbassona3@utexas.edu,Skilith,3
300,822,llogesa4@imageshack.us,Yabox,3
372,344,smackartana5@noaa.gov,Leenti,1
2,562,istanyera6@yahoo.com,Yodel,4
378,957,cpickervancea7@cnn.com,Jaxnation,5
690,456,jroydena8@zimbio.com,Mynte,2
912,748,wveltia9@diigo.com,Oodoo,1
157,774,gdidsburyaa@army.mil,Linklinks,4
989,733,dmordonab@google.es,Vipe,2
846,32,vorganerac@umich.edu,Skinder,2
597,617,psellyad@blinklist.com,Zoozzy,4
597,271,wornillosae@wordpress.org,Realcube,3
731,42,iwaslingaf@usda.gov,Dabtype,1
178,276,gdanaag@zdnet.com,Zoovu,2
112,739,jsircombah@cnbc.com,Minyx,3
592,808,krogersai@bloglovin.com,Brightbean,3
156,241,mschulteraj@nydailynews.com,Quamba,1
293,491,bsofeak@deliciousdays.com,Babblestorm,1
526,325,isarreal@toplist.cz,Topicstorm,1
786,812,ipoutressam@army.mil,Photolist,5
392,399,dpappinan@fda.gov,Blognation,2
973,714,bbowheyao@wufoo.com,Photobug,3
920,917,toverallap@phoca.cz,Rooxo,3
342,134,tstinchcombeaq@reddit.com,Mymm,4
984,277,deichar@tamu.edu,Livefish,3
499,858,alippas@reuters.com,Gabtune,5
79,195,wdenoreat@cloudflare.com,Tekfly,4
127,677,rgiblingau@springer.com,Bubbletube,5
175,149,gpoddav@woothemes.com,DabZ,2
262,280,lminchindonaw@cocolog-nifty.com,Jayo,4
665,979,eannakinax@shareasale.com,Quatz,2
604,741,rfewingsay@bizjournals.com,Yakijo,5
884,610,hderringtonaz@exblog.jp,Skibox,5
227,510,dvielb0@youtu.be,Topiczoom,5
930,122,vpomfretb1@cnbc.com,Fatz,5
567,977,vmulrenanb2@tinypic.com,Meevee,1
615,413,jgutsellb3@pen.io,Kaymbo,1
47,546,tfalconertaylorb4@europa.eu,Meevee,1
55,455,cravenscroftb5@europa.eu,Buzzdog,5
164,399,ljohlb6@wired.com,Devcast,4
386,969,pwelldrakeb7@usgs.gov,Jabberstorm,4
534,196,lminchellb8@youtube.com,Flipstorm,2
537,614,mlampelb9@furl.net,Oyoloo,1
2,812,sbattissonba@usa.gov,Voomm,3
494,214,twaitingbb@time.com,Yakijo,1
953,325,bbollettibc@example.com,Skiba,3
865,738,aflatmanbd@stanford.edu,Browsetype,4
68,66,palenichevbe@hubpages.com,Gigashots,4
325,563,lgillespeybf@guardian.co.uk,Rhycero,5
703,681,hluxenbg@tmall.com,Shufflester,4
829,497,iballeinebh@instagram.com,Thoughtstorm,4
950,306,akalbererbi@theglobeandmail.com,Skinix,1
156,145,dmaylambj@newyorker.com,Roombo,4
209,713,cpeekebk@hc360.com,Youtags,3
324,602,chuskissonbl@google.fr,Quinu,3
919,645,gpetrusbm@globo.com,Topicware,3
605,11,sugobn@meetup.com,Skiptube,3
252,790,lburroughesbo@craigslist.org,Divape,3
737,568,jsreenanbp@epa.gov,Lazz,4
14,139,jsouthwickbq@vk.com,Oodoo,5
900,970,ekirkupbr@thetimes.co.uk,Flipopia,3
440,82,eredingtonbs@google.com.hk,Layo,1
151,401,sduckhousebt@dion.ne.jp,Devbug,1
635,724,rwandrackbu@usda.gov,Thoughtmix,2
611,648,rbrandhardybv@cyberchimps.com,Skyba,3
588,830,dchingebw@t-online.de,Bluejam,1
25,717,kbrabbenbx@house.gov,Jayo,2
394,734,bduckby@fotki.com,Tambee,2
390,480,pobraybz@hostgator.com,Roomm,3
462,302,nbrewettc0@twitpic.com,Fivespan,2
704,510,cstoreyc1@walmart.com,Dazzlesphere,5
714,457,iwillsmorec2@state.gov,Gabtype,4
62,402,apoveleyec3@oaic.gov.au,Tagopia,3
804,998,nhullotc4@trellian.com,Realcube,3
545,28,sbellringerc5@list-manage.com,Mita,5
372,87,kkolinskyc6@washingtonpost.com,Feedfish,3
627,735,htomec7@ning.com,Twinder,4
162,110,ystillerc8@blog.com,Twitterlist,1
244,455,fcartledgec9@infoseek.co.jp,Tagtune,1
870,451,cduffitca@techcrunch.com,Tagchat,2
957,687,pbumcb@joomla.org,Wikibox,1
965,517,bpendrillcc@wikipedia.org,Zava,2
60,924,tpreshocd@ehow.com,Meemm,5
253,258,xgriolice@bizjournals.com,Camido,5
978,7,lfelgatecf@rakuten.co.jp,Edgeify,1
85,34,dmcknielycg@taobao.com,Photolist,2
21,340,enoench@globo.com,Feedmix,5
891,757,jhimsworthci@dmoz.org,Linkbridge,4
602,908,emortlockcj@amazon.co.jp,Photobug,4
858,746,dledurck@com.com,Ntag,1
548,661,ajephcottcl@weather.com,Zooxo,2
602,633,bpyffecm@telegraph.co.uk,Edgetag,3
656,388,mwederellcn@skyrock.com,Feedbug,2
736,315,yfruddco@seattletimes.com,Twitterbridge,3
690,180,stantoncp@weather.com,Wordtune,5
416,473,bwinsletcq@latimes.com,Kayveo,4
331,254,dimpycr@sfgate.com,Rhynoodle,3
41,792,blowingscs@drupal.org,Divanoodle,4
559,908,sgreenardct@odnoklassniki.ru,Jabbersphere,3
857,388,plillicrapcu@t-online.de,Gevee,5
719,985,bhawkswoodcv@shutterfly.com,Zoombeat,2
55,451,mkaasmancw@spiegel.de,Voomm,1
460,81,rdechelettecx@cocolog-nifty.com,Mynte,5
729,669,bballintynecy@weather.com,Mudo,5
490,596,mwillmottcz@slate.com,Jaxbean,3
536,780,dhildrewd0@narod.ru,Centidel,2
811,360,acolvind1@tripadvisor.com,Mycat,1
406,624,wsteablerd2@usgs.gov,Dabfeed,3
151,147,cgarnd3@spiegel.de,Katz,4
69,736,rhonniebald4@opensource.org,Roodel,4
497,343,wtunuyd5@zimbio.com,Zoonder,5
821,972,vocurraned6@xinhuanet.com,Vinte,2
389,236,kspillaned7@xing.com,Eimbee,2
511,824,didaled8@moonfruit.com,Abatz,1
915,146,bkuzmad9@whitehouse.gov,Blognation,5
911,395,rkubistada@un.org,Livefish,2
873,581,twegenerdb@who.int,Oloo,3
403,641,establesdc@artisteer.com,Ooba,5
444,261,hlangcastledd@reuters.com,Devpulse,2
457,720,hmcclurede@homestead.com,Pixoboo,5
620,717,mfearnalldf@wisc.edu,Tagfeed,2
669,855,cmarrinerdg@slate.com,Topdrive,3
300,97,erichardesdh@geocities.com,Jetpulse,3
836,310,kbenoidi@imgur.com,Skaboo,4
335,807,ynolleaudj@constantcontact.com,Fanoodle,2
959,128,rbelchampdk@toplist.cz,Eabox,2
703,837,cfeighneydl@deliciousdays.com,Janyx,5
107,336,ifrostdykedm@washington.edu,Twitterlist,4
111,291,hheakerdn@dagondesign.com,Skyndu,1
855,464,rbearwarddo@about.com,Voolith,4
21,795,mfeaveryeardp@auda.org.au,Topiclounge,1
395,188,zbrumfielddq@chron.com,Mycat,4
920,499,gleathwooddr@weibo.com,Yadel,2
438,816,dheeneyds@walmart.com,Twiyo,1
949,380,gfortmandt@booking.com,Photofeed,1
369,881,bpoleydu@census.gov,Tagchat,1
541,315,iomonahandv@cyberchimps.com,Quinu,1
74,153,hizoddw@yahoo.com,Gigazoom,3
110,766,fdemezadx@simplemachines.org,Skippad,2
861,55,lklimkody@ask.com,Ailane,2
911,804,mjerokdz@live.com,Photofeed,5
522,531,lmorrante0@sciencedirect.com,Quatz,5
246,124,gluptone1@state.gov,Eamia,4
845,212,cfellgette2@state.tx.us,Jabberbean,4
900,869,bvanrembrandte3@angelfire.com,Aimbu,4
293,27,jtrayhorne4@msu.edu,Dabjam,1
689,430,rcamplene5@spotify.com,Yabox,5
855,330,cdomsallae6@mac.com,Geba,5
86,667,mridere7@quantcast.com,Browsebug,4
478,907,grobathame8@smh.com.au,Cogilith,1
122,112,rbullane9@typepad.com,Jabbersphere,5
272,554,bloosleyea@who.int,Aibox,4
749,803,spenleyeb@cdc.gov,Talane,4
511,122,dcrunkhornec@quantcast.com,Twiyo,3
290,430,chaglingtoned@geocities.jp,Fivespan,3
983,255,hgartshoreee@wordpress.com,Jatri,1
652,931,mcratereef@dmoz.org,Avaveo,2
131,221,aizodeg@umich.edu,Skiptube,2
611,185,lreacheh@craigslist.org,Eayo,5
511,186,pprantlei@state.gov,Miboo,2
607,954,lbishellej@chron.com,Lazz,3
83,48,bbristerek@tinyurl.com,Photojam,1
824,522,amcgrathel@ameblo.jp,Voolia,3
375,825,vraitieem@hubpages.com,Voonte,3
893,94,eogianyen@who.int,Pixope,5
927,901,lpilipyakeo@harvard.edu,Innojam,1
335,524,chanselmanep@edublogs.org,Fivebridge,2
836,50,rsarneyeq@smugmug.com,Realbridge,4
630,591,gpykermaner@weibo.com,Oozz,4
498,617,sohanniganes@comcast.net,Skidoo,3
423,134,astiebleret@ezinearticles.com,Wikizz,1
534,259,vcorteneyeu@wordpress.com,Brightdog,5
724,514,zpaynterev@nhs.uk,Demizz,1
736,16,radamovskyew@shop-pro.jp,Izio,2
843,100,smaidmentex@theguardian.com,Jabbertype,2
437,500,fdysertey@dyndns.org,Skaboo,2
943,66,lnerneez@prweb.com,Browsedrive,3
726,157,lbraidwoodf0@wikispaces.com,Innojam,5
24,87,cdoudf1@arizona.edu,Skidoo,4
570,276,cfruchonf2@psu.edu,Wordware,5
766,567,lbadbyf3@buzzfeed.com,Yacero,2
612,732,kfrancaisf4@ucoz.ru,Photobug,4
232,339,grobusf5@shop-pro.jp,Wikido,3
296,188,cmeasomf6@cocolog-nifty.com,Zoombeat,5
456,117,rfrodsamf7@blinklist.com,Minyx,1
808,760,fcrathornef8@washingtonpost.com,Voonix,4
588,378,btulipf9@springer.com,Abata,3
821,803,mschusterfa@msn.com,Zoozzy,4
322,500,csidryfb@cnbc.com,Shufflester,2
621,167,tshentonfc@i2i.jp,Yakitri,4
601,574,aughinifd@virginia.edu,Realcube,3
190,139,bferensfe@fema.gov,Yakidoo,2
903,186,cchappelff@paginegialle.it,Vinder,4
357,284,bhyderfg@freewebs.com,Jaloo,5
10,972,amichelmorefh@bloglovin.com,Photospace,2
236,935,rdebrokefi@amazon.de,Chatterpoint,3
291,662,edanielsfj@ocn.ne.jp,Jabberstorm,1
308,599,bbollinsfk@mlb.com,Zooveo,4
868,70,dconyerfl@jiathis.com,Jabberstorm,3
315,497,apresseyfm@goo.ne.jp,Skinix,3
611,77,ngouldsmithfn@dion.ne.jp,Quamba,3
216,673,yabbefo@people.com.cn,Devify,2
626,388,lriccionefp@oracle.com,Dynabox,1
474,727,kmoldfq@go.com,Buzzdog,4
614,768,jflatmanfr@cloudflare.com,Brainlounge,4
103,569,lmaciverfs@ning.com,Realbridge,1
554,473,asleefordft@cnbc.com,Trilia,2
141,394,afauschfu@dell.com,Yacero,1
584,740,wpapezfv@ask.com,Ooba,2
846,158,lropartzfw@imageshack.us,Ailane,2
254,278,ifrudefx@bbc.co.uk,Photofeed,1
433,529,wdonalsonfy@w3.org,Eare,4
819,694,pcissenfz@craigslist.org,Quatz,2
4,763,gsliddersg0@webs.com,Zoomdog,4
556,358,mvauxg1@go.com,Oyoyo,3
504,524,eblowerg2@washingtonpost.com,Topiczoom,3
352,946,kciccarellog3@tripadvisor.com,Aivee,4
863,902,gholliarg4@slideshare.net,Feedmix,2
392,466,dmcgannong5@bizjournals.com,Zoombeat,1
597,332,aholstong6@shop-pro.jp,Avavee,3
173,81,lphairg7@msu.edu,Riffwire,1
447,43,ckeetchg8@usatoday.com,Blognation,5
834,505,jtassakerg9@baidu.com,Snaptags,4
475,529,lgockelerga@shutterfly.com,Kanoodle,4
800,933,awakehamgb@github.com,Linkbridge,5
860,192,aeedegc@irs.gov,Skippad,1
290,750,mknolesgd@miitbeian.gov.cn,Wikibox,4
404,491,mmaudittge@dailymotion.com,Wikibox,4
817,397,bnettleshipgf@scribd.com,Gigabox,1
927,128,cwhittergg@eventbrite.com,Twinte,5
756,518,kverduingh@tripadvisor.com,Jabbersphere,3
84,431,mcockrellgi@theglobeandmail.com,Jazzy,5
176,390,rraynesgj@simplemachines.org,Tagchat,3
58,285,otitheridgegk@facebook.com,Yodel,1
552,832,jinskippgl@lulu.com,Quinu,1
404,201,jdeightongm@discuz.net,Plajo,2
633,515,tnertneygn@cam.ac.uk,Tanoodle,4
881,461,amabbgo@acquirethisname.com,Zoombeat,3
299,221,kghelarduccigp@google.com.au,Topiczoom,4
919,71,lgaulgq@who.int,Gigabox,4
948,170,smackallgr@rediff.com,Kwimbee,4
702,465,fjestgs@ask.com,Skinte,2
743,696,bkettlestinggt@bbc.co.uk,Eimbee,4
339,363,ehirchegu@domainmarket.com,Cogidoo,2
718,165,kterzzagv@dailymotion.com,Skivee,5
500,236,bpennymangw@ed.gov,Jabbertype,2
307,371,ccorstongx@ebay.com,Gabtune,3
381,926,akidsleygy@cloudflare.com,Tambee,5
315,328,icastanonegz@mlb.com,Voonte,3
671,171,wcordh0@newsvine.com,Mydo,3
813,868,mstrutleyh1@hud.gov,Voolia,2
7,922,acamdenh2@goo.gl,Tazzy,3
717,391,mgephearth3@ycombinator.com,Wordware,2
543,629,pmiddleditchh4@desdev.cn,Zoomdog,2
137,248,jclemintonih5@weebly.com,Zazio,4
129,220,fcoucheh6@github.com,Gigashots,5
99,76,gtoplish7@vistaprint.com,Skynoodle,5
764,285,jmatonh8@umn.edu,Tambee,1
560,657,nparksh9@nasa.gov,Bubbletube,5
100,856,rstitchha@cornell.edu,Blogtag,3
106,99,lgronaverhb@nps.gov,Feedfire,5
105,821,nmahaddyhc@biblegateway.com,Thoughtstorm,3
375,60,rdulwichhd@theguardian.com,Tanoodle,5
555,52,zpatillohe@mapquest.com,Mycat,1
755,971,cnewberryhf@walmart.com,Dynabox,2
764,854,nneggrinihg@prweb.com,Eimbee,2
428,902,lshorehh@blogtalkradio.com,Jaxworks,1
985,488,ctrebilcockhi@npr.org,Feedfish,3
625,289,gscatcharhj@va.gov,Trupe,5
67,135,plinnanehk@psu.edu,Ailane,2
78,190,mmorelandhl@nasa.gov,Talane,3
891,119,wpollakhm@google.ru,Bubbletube,1
762,839,tkeirlehn@google.ru,Myworks,2
304,194,sguiseho@seesaa.net,Zoomlounge,4
48,151,gblakemorehp@state.tx.us,Browseblab,4
955,688,qsummerlyhq@wordpress.org,Edgeblab,2
909,891,rollivierrehr@wiley.com,Zoombeat,1
73,598,bmanklowhs@wsj.com,Youopia,5
57,942,rcorkhillht@shinystat.com,Abatz,1
448,676,opetworthhu@merriam-webster.com,Yambee,4
510,619,abagnalhv@goo.gl,Youtags,1
210,510,vprykehw@foxnews.com,Leenti,3
117,42,bglassopphx@odnoklassniki.ru,Camido,4
910,853,cflisherhy@baidu.com,Geba,4
80,634,dmaggshz@biblegateway.com,Jetwire,2
102,723,ralanbrookei0@purevolume.com,Plambee,5
291,57,jduddyi1@e-recht24.de,Rhycero,2
72,790,mcorbeni2@whitehouse.gov,Mymm,4
199,125,eslevini3@chronoengine.com,Eimbee,2
41,97,adutnalli4@theglobeandmail.com,Thoughtstorm,4
898,358,fdowelli5@canalblog.com,Zoombox,1
706,673,mloweyi6@networkadvertising.org,Gigashots,3
537,97,rtrevaskissi7@behance.net,Edgeclub,5
799,299,sstiddardi8@berkeley.edu,Riffwire,4
971,34,emurri9@cpanel.net,Yakitri,3
576,23,abernuzziia@merriam-webster.com,Yata,1
539,776,hbrassib@prweb.com,Trilia,3
320,591,rfayersic@globo.com,Edgetag,4
213,519,aguillardid@google.com.au,Dabjam,2
906,221,iroyseie@hp.com,Fadeo,5
980,323,rgiraldonif@lycos.com,Gabcube,4
994,976,npickwellig@pbs.org,Pixope,4
102,268,cczapleih@constantcontact.com,Viva,1
530,160,lbaulchii@ycombinator.com,Dabvine,4
621,320,hodoij@ed.gov,Topicware,3
16,126,jeyeingtonik@senate.gov,Gevee,1
15,199,aserrurieril@flickr.com,BlogXS,3
858,506,kramsbothamim@comcast.net,Zooxo,2
352,198,arubiin@un.org,Tagcat,4
730,722,bmatieweio@narod.ru,Chatterbridge,3
28,983,mreisensteinip@cargocollective.com,Quatz,2
225,370,rkaneiq@usgs.gov,Eidel,1
601,143,acaudreyir@china.com.cn,Omba,1
310,4,rtowneris@reference.com,Innotype,3
166,910,ggumbrellit@chronoengine.com,Tavu,5
771,962,sdowniu@washington.edu,Youopia,1
970,637,achildiv@admin.ch,Gigabox,1
999,951,mfennickiw@creativecommons.org,Miboo,4
253,201,hwillowsix@cocolog-nifty.com,Kanoodle,3
802,60,sdominelliiy@163.com,Dabshots,4
611,921,aartziz@barnesandnoble.com,Feedfire,4
138,235,tsavinsj0@theguardian.com,Bubbletube,5
869,879,dgalbraithj1@harvard.edu,Edgepulse,3
552,491,hgiacomelloj2@bluehost.com,Feedmix,5
428,993,ebeckhousej3@youtu.be,Feedbug,4
755,980,rkingswoldj4@nih.gov,Muxo,2
831,331,bdaldryj5@hhs.gov,Dazzlesphere,2
530,158,bcamockej6@list-manage.com,Jetwire,3
290,753,jwillesonj7@blinklist.com,Camido,1
21,82,cplanj8@nasa.gov,Roombo,2
385,780,scuppleditchj9@google.es,Avamm,2
485,421,nendrighija@nyu.edu,Skaboo,3
283,157,gduffiljb@people.com.cn,Camimbo,1
638,191,cgosalvezjc@homestead.com,Plajo,2
64,466,destabrookjd@ezinearticles.com,Jabbersphere,5
156,8,bjaulmesje@wunderground.com,Zooveo,4
474,959,gmedewayjf@constantcontact.com,Meemm,5
256,966,fmalebyjg@plala.or.jp,Thoughtbridge,3
340,499,otapsfieldjh@huffingtonpost.com,Skipfire,4
207,586,mponnsettji@desdev.cn,Gigashots,3
464,933,smarshlandjj@twitpic.com,Topicware,3
385,418,tmattiassijk@mozilla.org,Vidoo,3
562,685,imintojl@scribd.com,Zoomzone,4
598,989,dfollowsjm@php.net,Jatri,4
879,94,nwifejn@google.com.au,Twitterwire,1
110,659,lhairsjo@imdb.com,Edgeblab,4
361,767,randryushchenkojp@purevolume.com,Zoonoodle,3
149,433,wcandlinjq@independent.co.uk,Jatri,3
759,363,dshovellerjr@parallels.com,Nlounge,1
217,627,fenricjs@netscape.com,Flipopia,5
3,79,obiddissjt@bbc.co.uk,Jatri,2
328,676,gmccaskillju@51.la,Devpulse,3
718,951,vkrollmannjv@discovery.com,Oyonder,1
950,83,cwassungjw@mail.ru,Divanoodle,5
672,823,mjervisjx@weebly.com,Youspan,5
73,754,lfaveljy@amazon.com,Zoozzy,4
874,63,gduriejz@usda.gov,Tazz,5
918,362,hchestonk0@jimdo.com,Eadel,1
812,191,alangridgek1@e-recht24.de,Skyble,3
763,632,ngiraultk2@state.tx.us,Edgeclub,4
110,589,msetonk3@wisc.edu,Zazio,5
788,573,jrowlsonk4@unicef.org,Devpulse,2
10,280,lpennringtonk5@google.co.jp,Quamba,1
596,545,dtrawink6@wix.com,Dabtype,4
10,3,cgerattk7@usa.gov,Omba,1
341,222,caugark8@google.com.hk,Rooxo,2
818,238,ccostek9@webs.com,Edgewire,3
990,261,ggeorgeonka@ow.ly,Feedbug,1
245,401,imalshingerkb@mapy.cz,Flashset,3
430,974,rsmealkc@chron.com,Oodoo,3
584,7,kmaseykkd@msu.edu,Yotz,3
294,641,jpetrieke@nps.gov,Yata,4
575,775,mblakedenkf@sitemeter.com,Avaveo,2
303,155,pcrewkg@seesaa.net,Gabspot,3
1000,24,wbeekenkh@dailymail.co.uk,InnoZ,1
888,510,hbrennenki@uol.com.br,Blogpad,2
966,625,jpollenkj@booking.com,Geba,2
304,796,lfeatherstonekk@microsoft.com,Tagpad,2
750,656,calessandonekl@flickr.com,Chatterbridge,5
395,835,mearengeykm@ow.ly,Ntags,3
54,342,sgroucuttkn@ehow.com,Feedmix,5
296,836,jhamlenko@e-recht24.de,Plambee,3
500,10,cwrigglesworthkp@noaa.gov,Trupe,2
80,21,gvannucciniikq@w3.org,Leexo,1
231,326,avillaronkr@wikispaces.com,Browsezoom,1
407,16,ldilgarnoks@patch.com,Kamba,2
168,144,bstanyforthkt@europa.eu,Dynabox,1
441,526,ppigottku@auda.org.au,Jetwire,4
888,672,cgreedkv@1688.com,Devify,2
905,21,awalshamkw@ustream.tv,Browseblab,2
281,86,dlecountkx@state.gov,Eayo,5
793,762,cmcgriffinky@weather.com,Devshare,1
856,440,cshinglerkz@seattletimes.com,Yakijo,5
628,139,oconnahl0@jimdo.com,Twimm,3
40,709,srobsonl1@mediafire.com,Riffpedia,4
219,37,mjanssonl2@washingtonpost.com,Devshare,1
15,429,mprandinil3@usa.gov,Browsezoom,3
446,4,pchallicombel4@digg.com,Youbridge,5
354,74,ndevasl5@hibu.com,Linklinks,5
246,313,ssweedyl6@cpanel.net,Flipopia,3
254,26,kleathartl7@springer.com,Quatz,2
216,763,gfishleel8@ox.ac.uk,Skippad,4
198,22,hmcduffiel9@livejournal.com,Thoughtstorm,1
181,111,mnavarrela@github.com,Youspan,5
134,500,aslydelb@pen.io,Yombu,4
35,202,jkybirdlc@phpbb.com,Mybuzz,3
373,76,disaqld@tmall.com,Feedmix,4
554,722,cearlandle@discovery.com,Layo,5
409,186,glisterlf@ebay.com,Centizu,3
205,658,pwhyelg@cornell.edu,Photojam,4
851,370,mbidgoodlh@indiegogo.com,Blogtag,2
541,426,bbullinghamli@symantec.com,Youtags,1
912,286,mbanhamlj@sakura.ne.jp,Yozio,2
459,135,nbaudlk@squidoo.com,Brightdog,3
438,924,kcollinwoodll@mlb.com,InnoZ,2
250,246,lromelm@paypal.com,Browseblab,2
980,424,hcrutchln@trellian.com,Avamba,5
736,746,ffinlanlo@google.com.au,Twitterworks,4
857,253,ccowelllp@toplist.cz,Twimbo,1
876,765,nsciacovellilq@storify.com,Dynabox,4
509,188,vmcgaheylr@usa.gov,Jamia,1
346,337,gdevinnls@opera.com,Realpoint,4
826,102,tdanzelmanlt@creativecommons.org,Gabcube,5
799,491,tpfefferlu@mac.com,Realcube,1
954,301,prenaclv@jalbum.net,Photobean,4
495,488,dprandinilw@wp.com,Kazu,2
831,378,mandrewslx@irs.gov,Innotype,2
595,555,dmcneelyly@baidu.com,Photojam,3
21,340,dserchwelllz@mail.ru,Twinte,2
740,949,ehazeltonm0@wordpress.com,Zazio,3
401,344,dpikettm1@canalblog.com,BlogXS,3
349,682,ktrustriem2@mozilla.com,Brightbean,3
376,973,enormanvillem3@wikimedia.org,Babbleset,5
24,299,ycreechm4@ehow.com,Twitterworks,4
901,547,cblowingm5@mit.edu,Twitterlist,1
879,328,gbyhamm6@redcross.org,Topicblab,3
647,336,dnuddem7@newyorker.com,Plambee,1
588,43,abatthewm8@liveinternet.ru,Reallinks,3
910,533,cbattlesonm9@123-reg.co.uk,Thoughtbeat,4
895,984,ahellenma@51.la,Mymm,3
101,236,mcawdellmb@smh.com.au,Vidoo,5
656,702,rsuffieldmc@irs.gov,Omba,3
198,325,achatainmd@tinyurl.com,Jetwire,3
205,560,apaveyme@plala.or.jp,Kanoodle,5
270,315,lambrosimf@walmart.com,Thoughtworks,2
958,162,bvalerimg@ow.ly,Oyonder,1
368,638,rheartmh@wix.com,Dynazzy,1
958,399,saugustmi@uol.com.br,Oyondu,1
739,475,owildgoosemj@msu.edu,Rooxo,5
773,795,bchivertonmk@rediff.com,Twimbo,2
599,503,cjohnssonml@blogger.com,Edgeclub,4
77,326,ctesimonmm@slate.com,Photobug,3
418,306,twinchestermn@ft.com,Oyoloo,1
29,513,barendtmo@seesaa.net,Brainverse,5
234,68,mcrassmp@clickbank.net,Skimia,5
694,686,lprantonimq@google.nl,Voolith,4
496,15,mcrummr@wikia.com,Oloo,5
561,303,dtoonems@infoseek.co.jp,Quinu,2
389,497,mbrokenshawmt@cnbc.com,Trilia,2
469,284,clillimanmu@npr.org,Twitterbridge,2
896,755,edeeleymv@nationalgeographic.com,Yamia,5
155,983,ndallanmw@utexas.edu,Minyx,2
565,782,atwiddymx@zimbio.com,Digitube,2
528,338,aplumtreemy@rambler.ru,Flipstorm,4
560,931,ksatterlymz@squarespace.com,Tambee,1
679,181,ademitrisn0@example.com,Twimbo,4
268,443,ktaylorn1@sohu.com,Zoombox,3
699,282,sbrinicomben2@addtoany.com,Mycat,2
191,234,dbowfinn3@statcounter.com,Rhynyx,3
977,154,ddevittn4@instagram.com,Eire,3
454,830,hmazzeon5@youku.com,Thoughtstorm,5
326,801,kcanfern6@psu.edu,Jamia,2
907,944,mmadgwichn7@uiuc.edu,Quimm,2
246,735,mmahargn8@rambler.ru,Trudeo,3
876,449,ehoylesn9@reuters.com,Izio,2
542,825,cheeronna@barnesandnoble.com,Yata,4
2,88,dgiacobellinb@simplemachines.org,Twitterwire,1
187,724,lpulhosternc@webs.com,Yakitri,1
69,625,llownsbroughnd@ed.gov,Aivee,5
540,467,alouysne@google.it,Linkbridge,2
382,142,saudissnf@acquirethisname.com,Kare,3
93,972,vingng@uol.com.br,Quatz,5
54,678,salwoodnh@nps.gov,Agivu,1
758,796,beatesni@biglobe.ne.jp,Trupe,2
879,302,fsilcocknj@marriott.com,Omba,1
821,576,askalank@ning.com,Lazz,1
172,751,bbabbenl@xinhuanet.com,Blogpad,2
782,957,hmcdoualnm@marketwatch.com,Twitterwire,5
524,698,fmiskennn@wordpress.org,Avaveo,2
686,495,dgrimwoodno@nbcnews.com,Meeveo,3
310,666,ksorensennp@booking.com,Dabshots,1
23,804,mgajewskinq@histats.com,Quamba,1
611,609,bmcgavigannr@psu.edu,Lazzy,3
4,211,mkemmns@cdc.gov,Tekfly,3
169,942,tdurrantnt@deviantart.com,Skinix,3
285,130,mmaddoxnu@sbwire.com,Browsezoom,4
72,217,wtomovicnv@liveinternet.ru,Zoomdog,3
899,943,kmcevillynw@psu.edu,Skinte,1
415,354,rwhereatnx@senate.gov,Gabtype,5
108,861,mabsolemny@qq.com,Devbug,3
159,796,aantoszczyknz@si.edu,Feedspan,5
209,868,mmccrayo0@google.com.hk,Skidoo,2
956,850,edesborougho1@flavors.me,Edgeblab,1
471,102,lstairmando2@who.int,Zoomlounge,4
462,470,vfolinio3@telegraph.co.uk,Wordify,3
636,600,awabersinkeo4@fc2.com,Quire,4
169,375,abraisbyo5@accuweather.com,Chatterbridge,1
711,184,seameso6@qq.com,Wikido,3
56,756,pburnsallo7@ning.com,Tambee,2
367,783,sbalhamo8@nifty.com,Yamia,3
806,318,jmayoho9@seesaa.net,Miboo,4
627,521,ngrimwoodoa@networkadvertising.org,Kimia,4
699,581,edellortoob@ning.com,Podcat,2
86,973,bgealoc@webmd.com,Kwinu,2
192,838,jpiechnikod@yandex.ru,Cogibox,5
345,130,bmawfordoe@gravatar.com,Jetpulse,1
319,251,lhucksteppof@home.pl,Kaymbo,3
325,806,sfayog@moonfruit.com,Jabbersphere,2
544,188,ebromageoh@jalbum.net,Yoveo,2
594,869,ademkeoi@friendfeed.com,Izio,3
273,554,rmakeyoj@nytimes.com,Yadel,2
373,402,hcroyserok@last.fm,Zoombox,5
333,743,clistonol@accuweather.com,Skaboo,4
453,621,kdellom@tumblr.com,Linkbridge,1
635,486,iwillockon@biglobe.ne.jp,Katz,2
657,52,eforstalloo@posterous.com,Skilith,2
963,154,gphillputop@mail.ru,Browsecat,3
776,353,mowbridgeoq@mozilla.org,Meejo,5
534,191,kangearor@desdev.cn,Jabberstorm,1
707,824,ptarbetos@typepad.com,Meembee,5
425,425,ebradickot@sun.com,Meedoo,5
858,2,asichou@xrea.com,Zoonoodle,3
545,77,tsarjeantov@opera.com,Eare,3
290,427,tmackimow@sitemeter.com,Plajo,2
880,4,msinkinsox@creativecommons.org,Quinu,4
80,754,tfurzeroy@hc360.com,Jetpulse,2
598,678,lpeakeoz@theglobeandmail.com,Realbuzz,5
499,965,jcolmerp0@scientificamerican.com,Topicblab,4
422,838,asmithamp1@amazon.co.jp,Eazzy,1
467,526,tmcmoniesp2@wufoo.com,Viva,3
445,815,igiddenp3@toplist.cz,Meezzy,2
362,617,mdomengetp4@apache.org,Pixope,2
140,930,aretallackp5@samsung.com,Vinder,2
114,341,lsturgesp6@nymag.com,Zoomlounge,5
723,730,kgheerhaertp7@bbc.co.uk,Roombo,3
5,943,nbengtsenp8@meetup.com,Flashspan,5
624,301,fkearneyp9@altervista.org,Voomm,5
945,387,hlucianpa@bandcamp.com,Voonder,4
566,728,hcohrspb@de.vu,Snaptags,2
888,302,hfitzgeorgepc@mapquest.com,Jatri,5
45,256,ocratespd@va.gov,Aimbu,2
480,19,mhoyerpe@house.gov,Flashdog,3
576,504,dorteupf@sfgate.com,Wordtune,3
687,851,jdaviopg@cyberchimps.com,Aimbu,3
111,888,dharropph@yahoo.com,Topdrive,4
479,112,gcurriepi@squidoo.com,Yacero,5
863,4,hbloodworthpj@moonfruit.com,Photolist,3
206,9,rrufpk@huffingtonpost.com,Meeveo,4
119,681,rgatenbypl@biglobe.ne.jp,Aibox,2
282,832,twilfordpm@deviantart.com,InnoZ,4
351,905,lmacknockiterpn@bloglovin.com,Latz,2
975,569,aconeybeerpo@wunderground.com,Kayveo,2
279,811,tcraigheadpp@imdb.com,Youtags,2
537,465,cwinsparepq@businessinsider.com,Yoveo,2
396,618,sotridgepr@dmoz.org,Edgeclub,5
906,391,adreusps@linkedin.com,Agimba,3
504,770,vvanstonept@i2i.jp,Flashdog,4
496,342,rbeckenhampu@unc.edu,Meezzy,3
710,578,tfrancispv@timesonline.co.uk,Bluezoom,2
78,693,wscrogginspw@rediff.com,Skiba,1
956,969,klidgettpx@hugedomains.com,Wikizz,2
317,212,esaunterpy@wp.com,Jaloo,2
724,283,lbuxampz@wikipedia.org,Twitternation,4
546,891,jmohanq0@ask.com,Oyondu,5
415,78,labellsq1@va.gov,Tazzy,4
576,171,cyeelesq2@dagondesign.com,Reallinks,4
685,182,ncrampseyq3@ihg.com,Yodo,1
353,662,fbointonq4@buzzfeed.com,Mydo,3
334,880,baveriesq5@usnews.com,Abatz,4
849,665,jcortnayq6@mit.edu,Skippad,1
449,871,kmoyeq7@epa.gov,Oyoba,3
975,309,abedleq8@blogspot.com,Flashpoint,4
409,923,gwhitmoreq9@irs.gov,Edgepulse,3
637,183,sfinchqa@yellowbook.com,Jaloo,5
692,202,cdoughtonqb@nbcnews.com,Janyx,2
704,499,mbowlesworthqc@bloglines.com,Shufflebeat,4
918,36,cfrancomqd@slideshare.net,JumpXS,2
986,389,ncordyqe@un.org,Jabbersphere,1
85,396,kkubecqf@telegraph.co.uk,Npath,5
642,869,bpeakmanqg@rakuten.co.jp,Photojam,3
865,752,rscallanqh@twitter.com,Lazz,5
689,110,mhogganqi@facebook.com,Photolist,2
507,360,dsharrardqj@slate.com,Trupe,2
557,843,vmelrossqk@sakura.ne.jp,Oyope,3
63,311,slivesayql@nyu.edu,Jaxspan,5
533,390,aaberhartqm@netvibes.com,Digitube,1
883,107,iwoolgarqn@chronoengine.com,Photolist,5
415,976,sbulstrodeqo@xing.com,Jayo,1
751,416,karkellqp@hugedomains.com,Fivespan,5
255,831,kollerearnshawqq@lulu.com,Jabberstorm,2
502,212,ephalipqr@biglobe.ne.jp,Skinte,4
649,657,nthundercliffeqs@hatena.ne.jp,Oyondu,5
498,340,gbruggerqt@nature.com,Bluejam,1
856,146,jeyckelqu@columbia.edu,Dazzlesphere,3
160,18,mgovernqv@purevolume.com,Gevee,3
571,239,gtwelveqw@nsw.gov.au,Dabshots,2
396,226,gmaesqx@craigslist.org,Yombu,4
658,60,cjanjicqy@hhs.gov,Mydo,5
249,555,cfransewichqz@mail.ru,Aimbo,4
689,683,fpearer0@mapy.cz,Meedoo,2
490,119,mmarcussenr1@delicious.com,Gabcube,1
108,188,lpleasauncer2@squidoo.com,Katz,3
349,785,rskillingsr3@histats.com,Yombu,2
644,243,ghamletr4@wisc.edu,Tazz,5
629,542,arouxr5@miibeian.gov.cn,Gabvine,3
945,403,amaytomr6@de.vu,Zoonder,3
212,390,lewencer7@nps.gov,Kazio,2
456,38,cjockler8@dailymotion.com,Devcast,1
929,351,acraighallr9@indiatimes.com,Tazz,2
953,675,mmcleodra@hatena.ne.jp,Bubblemix,5
862,998,mtitherrb@intel.com,Thoughtblab,1
200,853,aculhamrc@merriam-webster.com,Yacero,2
77,201,qhartellrd@earthlink.net,Mynte,1
240,986,aschaperore@nbcnews.com,Jetwire,2
774,63,cwroathrf@youtu.be,Ntag,5
917,580,felesrg@de.vu,Skinte,5
368,565,hscoullarrh@list-manage.com,Topiczoom,3
588,388,mgianilliri@nymag.com,Oba,1
394,858,eschurickerj@mail.ru,Photobug,4
273,647,gtordifferk@facebook.com,Tagchat,5
354,245,ebarlasrl@opensource.org,Trunyx,5
376,917,lcleyburnrm@samsung.com,Edgepulse,1
438,176,sugonirn@ucoz.ru,Quimba,3
107,429,iglynro@telegraph.co.uk,Yotz,1
573,889,calessandrellirp@wunderground.com,Voolia,3
383,181,gheselwoodrq@4shared.com,Zoozzy,1
52,264,sdenisyevrr@wikispaces.com,Zazio,4
