volunteerID,volunteerEmail,dateVolunteered,hours,foodbankAddress
139,ecouves0@drupal.org,3/10/2024,4,32 Sheridan Road
12,dyarker1@mayoclinic.com,8/19/2023,8,19 Union Road
223,afitzgibbon2@aboutads.info,12/26/2023,5,93 Sundown Center
584,eberka3@yale.edu,11/1/2023,7,2 Sachs Park
305,ssievewright4@histats.com,4/18/2023,2,198 Mendota Parkway
331,tfoxworthy5@dagondesign.com,9/20/2023,3,74330 David Street
280,aroscow6@ucoz.com,7/22/2023,2,4992 Kim Street
809,gcharlesworth7@hao123.com,7/26/2023,5,39 Dapin Way
434,sdoone8@vk.com,9/24/2023,2,797 Mockingbird Drive
846,mbover9@zimbio.com,6/15/2023,7,7 Rockefeller Lane
858,hgianottia@wufoo.com,1/29/2024,4,71 Green Pass
624,tmatschossb@mapy.cz,8/16/2023,1,46225 Hayes Street
136,scookc@rambler.ru,8/22/2023,8,46 Spaight Point
353,nsueterd@so-net.ne.jp,11/6/2023,6,7 Transport Parkway
71,arossbrooke@php.net,9/24/2023,7,3 Bobwhite Street
229,sleggattf@foxnews.com,12/8/2023,2,68 Pine View Park
519,bmoffettg@delicious.com,1/27/2024,0,8 Beilfuss Avenue
88,twickesh@webmd.com,2/15/2024,1,71 Ilene Way
115,rbogi@irs.gov,9/17/2023,2,2673 Welch Court
983,znealyj@unicef.org,11/17/2023,5,0 Cottonwood Avenue
216,fedglerk@domainmarket.com,10/18/2023,0,117 Ohio Park
173,mtuckettl@mozilla.com,12/28/2023,0,229 Melby Plaza
971,cgailm@mtv.com,2/28/2024,0,98701 Morrow Court
255,gmcgoldrickn@cnet.com,6/3/2023,4,8523 John Wall Parkway
765,dpetowo@unesco.org,1/5/2024,3,2 Maple Wood Way
112,cdefilippop@google.it,4/27/2023,5,362 Red Cloud Place
425,idubbinq@netvibes.com,10/10/2023,3,161 Memorial Avenue
138,gsobeyr@posterous.com,5/29/2023,4,87079 Harbort Way
182,rroscampss@elpais.com,12/28/2023,4,269 Esker Hill
23,lkingescott@cnn.com,3/1/2024,6,92073 Eagle Crest Junction
121,cgillespeyu@squidoo.com,8/10/2023,8,330 Tennyson Circle
126,jlinnitv@sina.com.cn,7/18/2023,3,62 Kedzie Lane
558,lferronetw@facebook.com,9/15/2023,1,8 Lukken Court
64,cobeyx@chronoengine.com,3/12/2024,7,84753 Upham Lane
547,pstienhamy@google.com,1/8/2024,0,4673 Charing Cross Place
884,hpaladiniz@sphinn.com,3/14/2024,3,5 Morning Drive
441,hdelouch10@howstuffworks.com,6/17/2023,5,246 Anniversary Place
967,pjervoise11@paypal.com,1/23/2024,6,70 Dennis Circle
849,rsandells12@ebay.co.uk,10/10/2023,8,25 Waywood Avenue
522,kcoulman13@alibaba.com,6/30/2023,7,115 Pond Alley
287,chaire14@state.gov,11/19/2023,4,89 Clemons Court
562,lheadings15@yolasite.com,5/6/2023,8,633 Schiller Parkway
480,kbestiman16@spotify.com,11/6/2023,8,92 Bayside Parkway
908,cgregorowicz17@mashable.com,11/5/2023,8,5 Harbort Crossing
648,kromei18@blogs.com,3/11/2024,6,3132 Waywood Lane
747,mgaitone19@hubpages.com,6/3/2023,4,41 Bartillon Pass
222,kvasyuchov1a@squarespace.com,10/21/2023,5,901 Becker Plaza
461,ghebard1b@usda.gov,3/7/2024,3,5 Graedel Point
741,jtwidell1c@squidoo.com,3/4/2024,8,69088 Clarendon Street
88,ggallanders1d@g.co,8/30/2023,0,4 Loftsgordon Way
142,cdome1e@gov.uk,9/8/2023,6,8 Chive Drive
492,ksillwood1f@amazonaws.com,5/1/2023,2,11 Myrtle Trail
739,bgorrick1g@arizona.edu,5/9/2023,8,024 Dawn Terrace
512,fwiddup1h@posterous.com,9/15/2023,7,0 Becker Drive
774,dbredgeland1i@ed.gov,10/11/2023,2,1 Ilene Hill
116,ajencey1j@reverbnation.com,8/22/2023,1,4 Glendale Road
762,meccles1k@canalblog.com,11/18/2023,3,45876 Butternut Terrace
374,mhuggan1l@harvard.edu,10/24/2023,7,380 Truax Parkway
700,maspinal1m@yellowbook.com,1/14/2024,2,05 Utah Place
532,atease1n@dot.gov,9/9/2023,0,29049 Lakewood Gardens Crossing
594,ldunn1o@latimes.com,6/16/2023,2,10 Morning Avenue
86,hfaithfull1p@topsy.com,10/24/2023,2,8 Bluejay Street
988,crusling1q@salon.com,2/5/2024,5,40 Mifflin Road
332,tseamon1r@fotki.com,4/20/2023,3,12985 Eagan Drive
61,dpasque1s@plala.or.jp,5/26/2023,6,1 Menomonie Crossing
950,ltingly1t@printfriendly.com,11/26/2023,3,5320 Prairieview Crossing
964,sdansey1u@who.int,10/15/2023,4,2785 Dryden Avenue
187,tstanbra1v@tuttocitta.it,9/11/2023,8,37161 Sloan Place
652,tlongea1w@macromedia.com,5/15/2023,4,9263 Gerald Street
386,agreschik1x@blogger.com,1/22/2024,1,50 Oakridge Circle
114,asporner1y@nhs.uk,2/28/2024,7,4621 Prentice Lane
589,mrampley1z@merriam-webster.com,4/24/2023,5,5872 Kingsford Way
348,vbrainsby20@icio.us,7/11/2023,5,594 Farragut Alley
85,mrosell21@list-manage.com,9/7/2023,8,72027 Northwestern Street
641,jdeare22@biglobe.ne.jp,7/24/2023,0,72647 International Road
44,sblaxeland23@walmart.com,6/26/2023,4,1471 Merchant Hill
623,tsenten24@google.ru,10/21/2023,1,63533 Eastlawn Crossing
186,rhaylands25@4shared.com,7/29/2023,1,21043 Lunder Junction
709,ajoerning26@paypal.com,12/1/2023,8,88787 Leroy Hill
612,canthona27@ebay.com,6/20/2023,0,81 Crest Line Trail
532,ifery28@nih.gov,1/23/2024,8,1 New Castle Junction
127,gredfern29@oracle.com,4/26/2023,1,08 Sutteridge Alley
176,kredrup2a@dmoz.org,6/18/2023,5,49 Carioca Circle
57,uscading2b@google.pl,4/6/2024,4,4672 Roth Park
633,jcanland2c@blogspot.com,3/14/2024,4,36 Goodland Hill
987,kmaginn2d@yellowbook.com,11/4/2023,0,667 Judy Park
980,dbealton2e@nydailynews.com,11/9/2023,4,4120 4th Avenue
351,agallen2f@oracle.com,10/15/2023,7,80264 Hoepker Park
912,jgrunwall2g@sciencedaily.com,1/9/2024,2,2019 Gateway Alley
786,hbenn2h@hatena.ne.jp,6/26/2023,0,24682 Swallow Drive
805,nbunten2i@merriam-webster.com,11/13/2023,7,46062 Duke Terrace
904,tpates2j@taobao.com,10/2/2023,2,470 Vidon Court
113,bjaszczak2k@arstechnica.com,7/8/2023,2,6 Schmedeman Road
989,bzimmerman2l@home.pl,3/17/2024,7,554 Eliot Way
195,llauxmann2m@hubpages.com,1/12/2024,4,6 Larry Pass
670,bravenscroftt2n@barnesandnoble.com,4/15/2023,8,916 Di Loreto Lane
520,dsherman2o@cyberchimps.com,1/2/2024,2,1 Merrick Hill
616,lconstance2p@mapy.cz,1/9/2024,5,55976 Veith Court
42,aefford2q@myspace.com,3/28/2024,4,771 1st Alley
88,acarswell2r@google.com.br,1/22/2024,6,191 Memorial Trail
987,rmariault2s@walmart.com,8/7/2023,5,0 Union Plaza
343,awheeldon2t@rakuten.co.jp,9/7/2023,0,645 1st Court
140,mknollesgreen2u@washingtonpost.com,7/6/2023,7,408 Shasta Terrace
302,vjosofovitz2v@deliciousdays.com,9/29/2023,8,855 Lien Park
588,eboribal2w@arstechnica.com,9/24/2023,8,9 Red Cloud Crossing
75,bgaylord2x@umich.edu,5/3/2023,4,256 Sage Avenue
161,cferneley2y@is.gd,12/18/2023,4,02390 Roth Court
124,keden2z@domainmarket.com,12/4/2023,5,184 Moose Plaza
940,asilversmidt30@wikimedia.org,3/9/2024,6,06 Granby Place
121,sceely31@bluehost.com,11/17/2023,7,9 Farragut Terrace
412,hbratton32@examiner.com,1/12/2024,2,536 Starling Alley
386,htrenoweth33@sitemeter.com,8/18/2023,5,4 Schiller Pass
12,vbartleet34@marriott.com,6/4/2023,3,65153 Katie Street
191,hstockings35@yandex.ru,3/12/2024,7,29131 Dovetail Center
827,kvear36@narod.ru,5/9/2023,1,32225 Columbus Court
80,orea37@instagram.com,8/18/2023,3,51 Elgar Plaza
903,rgiles38@paginegialle.it,8/2/2023,8,63 Old Gate Street
506,tbunney39@bravesites.com,8/13/2023,5,19594 Tennessee Terrace
641,lminucci3a@weibo.com,9/2/2023,0,05 Mccormick Point
46,codde3b@unc.edu,11/3/2023,5,3 David Pass
740,bdishman3c@mapquest.com,6/30/2023,0,545 Nevada Drive
219,tmcterlagh3d@alexa.com,6/8/2023,7,819 Vera Center
75,ajodrelle3e@fastcompany.com,5/5/2023,3,8 Valley Edge Street
275,jdegoey3f@mysql.com,6/25/2023,2,850 Maywood Lane
680,hpesticcio3g@arizona.edu,2/12/2024,1,18415 Killdeer Circle
87,raleswell3h@reddit.com,2/16/2024,5,51 Daystar Point
380,jrebert3i@redcross.org,12/1/2023,8,528 Fordem Hill
138,phaddleton3j@howstuffworks.com,9/9/2023,2,343 Iowa Circle
307,nnaulls3k@acquirethisname.com,7/18/2023,0,86 International Pass
402,swontner3l@example.com,12/16/2023,5,48319 Doe Crossing Plaza
118,llibrey3m@cbsnews.com,2/8/2024,3,89501 Loomis Pass
408,ldovermann3n@newyorker.com,5/15/2023,8,96808 Loftsgordon Lane
864,gdean3o@flickr.com,12/30/2023,5,4660 Havey Court
60,pcattanach3p@mozilla.com,8/15/2023,3,0 Commercial Road
756,emcdunlevy3q@vk.com,2/8/2024,4,24 Kensington Way
871,abatterbee3r@meetup.com,10/6/2023,5,52730 Carey Point
318,pgrowden3s@unc.edu,10/8/2023,6,5709 Shoshone Way
776,esturge3t@wufoo.com,12/3/2023,1,39447 Oriole Way
880,bbrickner3u@bloglovin.com,9/7/2023,3,402 Portage Place
654,rshuttleworth3v@cbslocal.com,5/23/2023,7,28 Buhler Trail
489,ewillingham3w@smugmug.com,10/9/2023,7,60805 Emmet Pass
375,hbunnell3x@apple.com,7/28/2023,5,61917 Laurel Lane
474,pcucuzza3y@dagondesign.com,12/11/2023,7,2612 Shoshone Circle
507,mromanin3z@examiner.com,9/22/2023,1,7116 Novick Drive
854,rschermick40@bing.com,7/8/2023,2,5 Manley Avenue
793,tdispencer41@mozilla.org,4/20/2023,0,5 Brown Circle
956,bwolver42@meetup.com,11/29/2023,2,080 Colorado Park
714,dskilton43@wufoo.com,4/9/2023,6,25 Monterey Pass
827,gpentland44@surveymonkey.com,1/30/2024,0,33 Pennsylvania Street
391,hpeever45@narod.ru,2/5/2024,4,4 Elmside Place
245,acullotey46@youku.com,10/12/2023,0,9007 Sutherland Place
776,blittledike47@yale.edu,3/7/2024,7,4 Sherman Parkway
78,lsiburn48@bravesites.com,11/28/2023,8,546 Lakewood Gardens Place
675,ltenbroek49@house.gov,1/22/2024,3,73 Daystar Road
643,dravel4a@umn.edu,5/30/2023,5,30188 Ridge Oak Park
921,cmaclachlan4b@domainmarket.com,2/20/2024,1,4344 Homewood Street
596,felnaugh4c@hc360.com,10/27/2023,2,831 Dawn Parkway
641,iarnhold4d@jimdo.com,5/24/2023,2,2497 Schiller Lane
78,tyacobsohn4e@answers.com,5/27/2023,2,218 Glendale Drive
258,cclifton4f@symantec.com,7/2/2023,1,10659 Chive Street
415,ssavidge4g@shareasale.com,8/7/2023,6,93 Green Lane
746,gbirdseye4h@nba.com,12/11/2023,4,3512 Kenwood Street
453,tpixton4i@hostgator.com,10/1/2023,6,38838 Lillian Plaza
95,briolfi4j@newsvine.com,8/14/2023,2,312 Doe Crossing Avenue
593,claurence4k@wisc.edu,5/2/2023,1,6 8th Lane
778,nbolsteridge4l@wufoo.com,11/17/2023,6,59095 Springview Court
727,swasbrough4m@webmd.com,9/14/2023,6,58 Heffernan Park
711,nanglin4n@dyndns.org,2/21/2024,8,9 Jackson Drive
798,dtimbs4o@mtv.com,11/12/2023,7,59015 Hoard Avenue
181,mtotton4p@guardian.co.uk,9/29/2023,4,945 Maple Wood Street
825,mstannering4q@cam.ac.uk,7/24/2023,2,32572 Valley Edge Street
456,dsnowman4r@sciencedirect.com,1/6/2024,4,13255 Kim Hill
7,ggibbetts4s@instagram.com,3/30/2024,2,64847 Hazelcrest Court
784,ghowsan4t@kickstarter.com,10/24/2023,1,6 Montana Park
866,gdelagua4u@jigsy.com,9/21/2023,1,927 Knutson Hill
157,bsilburn4v@i2i.jp,7/31/2023,5,1119 Hoepker Drive
752,tchatain4w@ebay.com,2/2/2024,6,139 Tennyson Way
452,ascullard4x@w3.org,8/29/2023,8,1 Hoard Road
792,vkopfer4y@mashable.com,8/27/2023,8,2427 Donald Center
189,jsparhawk4z@blogtalkradio.com,7/5/2023,4,2108 Homewood Court
371,cbutchard50@clickbank.net,6/8/2023,5,78519 Maple Wood Place
638,grosiello51@usnews.com,5/16/2023,4,874 Heffernan Parkway
571,adeandreis52@alibaba.com,7/1/2023,8,3 Amoth Center
224,swhayman53@desdev.cn,7/10/2023,1,3188 Hovde Place
619,kgiacaponi54@ox.ac.uk,9/23/2023,5,802 Derek Junction
952,mahrend55@ed.gov,3/2/2024,8,41297 Nevada Court
955,gyersin56@netvibes.com,8/16/2023,4,1767 Graceland Avenue
605,kricarde57@howstuffworks.com,10/13/2023,4,552 Reindahl Center
370,sbobasch58@webmd.com,5/25/2023,3,48740 8th Terrace
93,scoles59@bigcartel.com,6/14/2023,7,764 Mallory Court
412,vhedin5a@google.com.au,4/2/2024,2,97743 Caliangt Crossing
406,usames5b@ow.ly,3/7/2024,6,2971 Talisman Crossing
145,cliccardi5c@jigsy.com,6/20/2023,6,4 Merchant Pass
589,hfreezer5d@arstechnica.com,7/27/2023,6,67739 Kim Junction
582,sjillins5e@reddit.com,12/2/2023,4,240 Magdeline Hill
875,jdinnies5f@webmd.com,5/20/2023,3,7 Sutherland Point
967,aalston5g@deviantart.com,12/31/2023,5,3 Granby Street
837,mgilgryst5h@webnode.com,3/30/2024,0,22 Clyde Gallagher Trail
972,klearie5i@mtv.com,4/20/2023,6,638 Lakewood Gardens Crossing
246,oyeo5j@cbsnews.com,12/4/2023,0,3 Waubesa Road
635,rcreebo5k@sohu.com,9/23/2023,1,389 Talmadge Crossing
636,ncaveau5l@twitter.com,9/6/2023,1,4351 Rowland Lane
10,cbecom5m@digg.com,6/11/2023,3,9119 Old Shore Center
291,anunesnabarro5n@arstechnica.com,11/30/2023,0,8 Arapahoe Terrace
234,sarnott5o@weebly.com,12/23/2023,0,13979 Menomonie Crossing
895,ktreuge5p@123-reg.co.uk,3/12/2024,5,29 Warrior Avenue
146,nkilfeder5q@shutterfly.com,9/25/2023,2,27 Grayhawk Trail
10,mkabsch5r@mozilla.com,1/19/2024,7,81 Sunbrook Plaza
701,bkeetch5s@github.io,1/24/2024,7,608 Buell Park
107,mpitkethly5t@networkadvertising.org,12/27/2023,0,9866 Mccormick Crossing
881,bosanne5u@flavors.me,2/26/2024,7,4 Oakridge Place
335,cickovic5v@google.pl,7/19/2023,4,186 Hazelcrest Place
53,bforsard5w@webnode.com,4/1/2024,7,10694 Oak Pass
795,nburghill5x@ezinearticles.com,10/10/2023,0,7585 Burning Wood Junction
712,apesic5y@digg.com,3/29/2024,3,4 Dunning Circle
829,ghairsine5z@samsung.com,10/16/2023,6,61940 Graceland Plaza
550,udraye60@salon.com,4/28/2023,0,93403 Cherokee Drive
883,jducroe61@wunderground.com,11/27/2023,2,58730 West Plaza
613,hkellington62@jigsy.com,3/3/2024,4,4285 Lighthouse Bay Drive
460,kdjakovic63@woothemes.com,1/28/2024,4,59 Independence Pass
519,dtwiname64@whitehouse.gov,12/11/2023,2,48208 Fair Oaks Circle
786,canthill65@aboutads.info,4/17/2023,8,4239 Darwin Court
758,akelle66@myspace.com,5/16/2023,3,087 Norway Maple Terrace
749,npestor67@feedburner.com,7/7/2023,4,47004 Brickson Park Road
735,ejerger68@bluehost.com,3/15/2024,4,11290 Atwood Place
250,ochadwick69@pcworld.com,7/20/2023,8,6331 Rieder Center
920,mroebuck6a@hatena.ne.jp,1/4/2024,6,26340 Bellgrove Crossing
34,pguillain6b@posterous.com,7/2/2023,1,29106 Lakewood Gardens Alley
884,mwarwicker6c@ucoz.ru,10/15/2023,7,48859 Michigan Trail
838,echasen6d@columbia.edu,2/4/2024,0,631 Delaware Plaza
80,mbeilby6e@networkadvertising.org,7/25/2023,2,1010 Hermina Pass
48,aong6f@slashdot.org,11/1/2023,3,298 Cardinal Plaza
257,bcogswell6g@nsw.gov.au,7/29/2023,4,5759 Spenser Lane
875,ecoiley6h@washingtonpost.com,3/11/2024,2,8 Boyd Drive
570,ecubbino6i@delicious.com,4/13/2023,5,955 Lakewood Gardens Way
455,kwilcher6j@digg.com,8/9/2023,5,126 Esch Way
895,rsommerlie6k@accuweather.com,8/4/2023,8,39362 Paget Terrace
834,tgaynes6l@networksolutions.com,2/11/2024,5,00 Green Ridge Road
720,hblenkin6m@senate.gov,5/2/2023,7,660 High Crossing Plaza
161,dmoreing6n@typepad.com,12/31/2023,0,1 1st Circle
691,cholyard6o@earthlink.net,12/10/2023,4,48 Doe Crossing Avenue
840,bbrookesbie6p@myspace.com,3/12/2024,1,22 Raven Lane
521,emcquode6q@privacy.gov.au,7/28/2023,1,27 Forest Run Pass
666,ghabin6r@columbia.edu,11/3/2023,6,711 Roth Circle
286,dsayers6s@bravesites.com,10/23/2023,0,3 Bayside Parkway
401,smunnings6t@cbsnews.com,11/21/2023,4,6431 Pleasure Alley
701,rschleswigholstein6u@soup.io,10/7/2023,4,46004 Garrison Park
77,jzorzetti6v@vinaora.com,3/7/2024,7,95 Veith Point
604,igasson6w@jigsy.com,8/26/2023,6,01413 Summer Ridge Terrace
70,vpighills6x@netscape.com,12/14/2023,2,77 Talmadge Lane
430,dduckham6y@blogtalkradio.com,5/8/2023,0,49874 Luster Circle
60,lodda6z@microsoft.com,11/19/2023,6,53023 Lotheville Lane
227,apeak70@stanford.edu,2/25/2024,4,95932 4th Terrace
735,kboyle71@wisc.edu,8/10/2023,3,65 Kropf Plaza
422,rproudler72@goodreads.com,9/26/2023,1,79992 Dorton Drive
949,abailiss73@examiner.com,6/3/2023,4,174 Pond Alley
822,ktraynor74@squidoo.com,7/17/2023,6,1275 Lakewood Pass
99,twilhelmy75@technorati.com,1/11/2024,2,09 Forster Drive
879,gnettle76@amazon.com,10/31/2023,7,3 Cordelia Trail
923,jandriolli77@ustream.tv,6/27/2023,4,8367 Logan Terrace
343,mbunch78@usnews.com,2/1/2024,3,3275 Rieder Lane
42,gfishburn79@ustream.tv,10/20/2023,7,91 Dunning Lane
573,qdangl7a@behance.net,6/26/2023,5,40 Oakridge Road
476,ndavenhall7b@gnu.org,3/2/2024,4,75 Mitchell Center
155,tomurtagh7c@lulu.com,3/14/2024,0,795 Mendota Street
797,afowley7d@dailymotion.com,2/18/2024,4,8332 Iowa Park
702,rpeacock7e@edublogs.org,6/18/2023,6,6 Roxbury Pass
654,cromagnosi7f@ca.gov,10/21/2023,3,9387 Southridge Street
660,kcastletine7g@smugmug.com,10/23/2023,6,681 Susan Court
165,dfenelow7h@adobe.com,4/7/2024,2,2 Melvin Center
439,twinslow7i@com.com,10/31/2023,7,1 Service Road
638,gluckin7j@nymag.com,10/28/2023,4,343 Commercial Alley
941,bswaysland7k@bloglovin.com,3/22/2024,3,995 Karstens Trail
94,dskillett7l@mit.edu,8/9/2023,1,79099 Heath Trail
749,ogallafant7m@canalblog.com,5/14/2023,7,44186 Muir Hill
904,pwillets7n@google.ca,7/23/2023,4,935 Comanche Junction
983,hidale7o@google.fr,8/22/2023,0,4919 Crest Line Road
762,cmityashev7p@usa.gov,6/16/2023,2,09 Superior Way
142,mhellier7q@dailymail.co.uk,5/5/2023,4,773 Butternut Parkway
977,mgoward7r@mac.com,11/17/2023,0,82 Clemons Way
94,bclarridge7s@bloglines.com,1/31/2024,2,76 Corry Road
718,sraft7t@fastcompany.com,5/6/2023,6,143 Buhler Center
204,btarren7u@photobucket.com,11/14/2023,8,3 Cascade Parkway
297,bgarrals7v@usda.gov,2/8/2024,1,82148 Raven Alley
665,hdrain7w@theatlantic.com,11/14/2023,4,2 Hermina Pass
476,tduley7x@blog.com,1/15/2024,4,4 Petterle Park
184,wcoast7y@t-online.de,8/7/2023,0,46916 Warbler Court
695,tocahsedy7z@posterous.com,1/24/2024,1,9995 Manley Terrace
983,jsynnot80@mapy.cz,7/5/2023,5,6975 Pawling Point
966,aashall81@ibm.com,8/2/2023,3,9 Acker Place
470,akeyhoe82@fastcompany.com,8/26/2023,0,9068 Reinke Parkway
96,bcauston83@paypal.com,2/24/2024,8,2254 Straubel Way
273,wfoden84@mozilla.com,3/22/2024,4,7 Badeau Trail
399,afardon85@wp.com,3/7/2024,7,6589 Lukken Hill
53,rtimpany86@techcrunch.com,6/17/2023,0,87 Linden Pass
146,khenkens87@google.com.br,11/25/2023,1,4119 Pond Crossing
360,tcordaroy88@wikispaces.com,2/21/2024,3,90194 Longview Court
686,ahaggas89@amazon.com,4/14/2023,2,78085 Shelley Road
75,bmcowis8a@mtv.com,12/24/2023,3,6 Fair Oaks Court
341,gcosins8b@wp.com,5/14/2023,5,7002 Montana Place
312,lweight8c@blogger.com,8/5/2023,3,2 Anhalt Center
981,oblaxlande8d@reddit.com,10/15/2023,1,81773 Pankratz Avenue
173,dshee8e@usgs.gov,5/3/2023,6,5328 Westerfield Point
384,cguiver8f@list-manage.com,5/20/2023,3,26 Pearson Terrace
393,nforo8g@amazon.com,7/15/2023,8,11 3rd Road
661,cinchcomb8h@sciencedaily.com,7/9/2023,4,18402 Northview Point
707,vdwelley8i@blogs.com,10/22/2023,5,5916 Glacier Hill Lane
349,pselman8j@live.com,10/25/2023,8,3 Graedel Center
408,fhighton8k@discuz.net,11/23/2023,1,98 Lakewood Court
196,rbriggs8l@shop-pro.jp,11/7/2023,2,02 Jana Pass
787,tfifield8m@cbslocal.com,3/21/2024,5,59154 Sheridan Junction
86,nwhipp8n@google.fr,9/21/2023,4,1 Clarendon Trail
992,rshuttlewood8o@hubpages.com,5/6/2023,7,9119 Bay Park
502,wmcgeever8p@fotki.com,2/1/2024,8,2948 Declaration Road
904,sjurczik8q@unc.edu,6/13/2023,4,5 Express Trail
996,tdederich8r@issuu.com,2/5/2024,7,1944 Starling Junction
922,dreddick8s@booking.com,5/3/2023,0,11 Thackeray Way
351,mbenfield8t@psu.edu,10/10/2023,8,85 Alpine Center
303,gmesser8u@cmu.edu,5/28/2023,5,1 Lakeland Circle
37,esegeswoeth8v@indiegogo.com,5/12/2023,7,7 Lerdahl Pass
938,mdevonside8w@samsung.com,9/25/2023,2,31540 Maple Wood Way
236,dveryan8x@nhs.uk,10/21/2023,8,259 Blaine Center
715,cmangeon8y@slate.com,5/24/2023,0,450 Mitchell Crossing
935,hhardaker8z@marketwatch.com,8/18/2023,6,87096 Monterey Park
651,jbeade90@arstechnica.com,12/30/2023,1,8 Novick Circle
985,rfoxhall91@clickbank.net,8/14/2023,8,26837 Debra Terrace
114,lchilley92@reuters.com,11/4/2023,1,0288 Northwestern Lane
742,sechalier93@marketwatch.com,6/24/2023,4,33532 Marquette Terrace
106,graffin94@php.net,5/13/2023,5,65 Springview Pass
475,bshanley95@umich.edu,9/28/2023,4,19581 Grover Terrace
19,fmcvrone96@rakuten.co.jp,6/21/2023,8,66990 Victoria Drive
832,jglanvill97@soup.io,9/15/2023,7,3237 Clemons Center
249,aoshesnan98@pcworld.com,4/14/2023,1,749 Dapin Road
675,jchate99@narod.ru,3/11/2024,7,3695 Spaight Point
526,tgilmartin9a@pcworld.com,9/21/2023,4,878 Paget Parkway
120,lthaxter9b@privacy.gov.au,4/10/2023,2,0397 Bellgrove Junction
213,mbirkby9c@edublogs.org,3/1/2024,5,4 Cherokee Terrace
24,rmaclaughlin9d@nba.com,1/13/2024,1,8 Katie Alley
90,adible9e@washingtonpost.com,9/6/2023,4,6212 Sunnyside Point
855,krutter9f@netvibes.com,9/9/2023,2,1 Messerschmidt Center
683,bpallasch9g@npr.org,8/28/2023,7,6920 Main Hill
31,famori9h@barnesandnoble.com,9/3/2023,0,41 Leroy Lane
72,dcroux9i@bbc.co.uk,8/15/2023,6,786 Kennedy Point
338,ddebernardi9j@prlog.org,10/25/2023,8,2880 Northland Crossing
692,segre9k@walmart.com,8/16/2023,8,4354 Barnett Street
36,dbishell9l@ustream.tv,1/4/2024,2,2679 Warbler Alley
976,etrehearn9m@netlog.com,3/1/2024,4,7 Summerview Trail
865,hfearnall9n@sfgate.com,9/2/2023,2,135 Schiller Crossing
372,lleland9o@bandcamp.com,5/28/2023,6,67703 Manitowish Place
544,msail9p@ustream.tv,11/9/2023,0,992 Arkansas Court
830,aocurrigan9q@hao123.com,4/17/2023,1,246 Sunnyside Place
879,hhawking9r@disqus.com,3/31/2024,1,470 Reindahl Place
131,molifard9s@instagram.com,2/26/2024,8,688 Carpenter Parkway
72,lcridlan9t@umn.edu,7/17/2023,0,0 Novick Alley
48,bcastello9u@dedecms.com,9/9/2023,1,1601 Shoshone Alley
22,jreckus9v@friendfeed.com,12/25/2023,8,00660 Brentwood Place
746,bconnors9w@example.com,10/20/2023,8,187 Heffernan Circle
110,twrangle9x@cbslocal.com,8/14/2023,6,5329 Huxley Way
953,flangrick9y@google.cn,2/21/2024,8,73 Crowley Plaza
893,lceeley9z@noaa.gov,4/10/2023,8,91264 Haas Crossing
233,dneevesa0@usa.gov,8/27/2023,7,94 Rigney Alley
493,aoniona1@skyrock.com,11/15/2023,0,7108 Grasskamp Crossing
43,kfoxcrofta2@webnode.com,7/22/2023,8,406 Vermont Circle
866,bmccathya3@pinterest.com,9/21/2023,3,97098 Hollow Ridge Alley
390,alongmuira4@jugem.jp,3/24/2024,1,41892 Valley Edge Alley
442,ssimonassia5@people.com.cn,9/16/2023,6,5749 Clarendon Point
413,ljosovitza6@huffingtonpost.com,12/22/2023,2,44609 Dottie Junction
516,bsillwooda7@ca.gov,10/9/2023,5,19563 Menomonie Court
769,fjuanicoa8@symantec.com,11/12/2023,3,1053 Beilfuss Parkway
161,cgoucha9@gnu.org,8/26/2023,0,8782 American Avenue
234,nwrightamaa@chronoengine.com,4/13/2023,7,6672 Debra Junction
882,sjakubovskiab@blog.com,10/1/2023,0,37894 Arapahoe Pass
158,hsellarsac@discovery.com,12/21/2023,0,816 Springview Center
313,dfiddimanad@rediff.com,5/29/2023,2,0 Cambridge Way
690,jglyssanneae@salon.com,2/2/2024,7,3 Donald Street
536,cgrassotaf@imgur.com,7/13/2023,2,269 Village Crossing
793,mhenaughanag@dmoz.org,1/6/2024,6,81810 Declaration Hill
142,tlambshineah@bing.com,9/25/2023,3,7293 Chinook Circle
504,gbollinai@arstechnica.com,1/3/2024,5,4 John Wall Alley
910,mcornilliaj@fda.gov,3/3/2024,3,163 Eagan Way
163,ksavineak@reddit.com,2/26/2024,2,3168 Red Cloud Trail
425,sandriollial@walmart.com,12/2/2023,8,2 Union Junction
990,lhallaganam@boston.com,8/8/2023,5,9 Namekagon Junction
303,mcoverleyan@people.com.cn,4/18/2023,5,59 Beilfuss Center
298,zhanbridgeao@topsy.com,3/7/2024,1,51 Ridgeway Court
932,adignumap@people.com.cn,6/26/2023,2,729 Towne Parkway
335,stzukeraq@creativecommons.org,1/18/2024,7,5643 Mesta Circle
470,jreisar@ifeng.com,7/8/2023,4,44098 Springview Park
955,mbacheras@example.com,1/9/2024,2,7324 Sherman Crossing
814,hvendittiat@surveymonkey.com,7/1/2023,5,0518 Pawling Alley
595,cmccroftau@latimes.com,9/3/2023,0,01376 Upham Circle
436,bfrenchumav@blinklist.com,12/20/2023,8,3 Spaight Plaza
379,jeateaw@gov.uk,5/18/2023,3,48 Kings Place
290,clanderax@dedecms.com,3/18/2024,1,99090 Truax Alley
328,lcolliholeay@rakuten.co.jp,10/24/2023,4,260 Kings Circle
124,lpadleyaz@techcrunch.com,8/1/2023,0,9805 Grayhawk Point
748,mkernb0@harvard.edu,1/27/2024,4,255 Golf Way
328,lcramptonb1@aol.com,1/19/2024,5,6424 Grasskamp Point
156,asheddanb2@php.net,7/8/2023,2,8077 Village Green Junction
764,cglabachb3@mashable.com,3/31/2024,4,07 Farmco Drive
820,tcrankhornb4@jalbum.net,4/23/2023,2,99 Haas Trail
28,rcristofanob5@usatoday.com,11/22/2023,3,8782 Dennis Drive
157,gpurserb6@fda.gov,10/31/2023,5,41 Cambridge Trail
119,nwortmanb7@eventbrite.com,6/15/2023,1,124 Del Mar Way
696,rheildsb8@yelp.com,7/15/2023,4,15 Melby Parkway
188,ggeogheganb9@de.vu,9/26/2023,8,80 Mallard Trail
114,mjohanchonba@ezinearticles.com,12/14/2023,1,8592 Rowland Terrace
429,tgermanbb@digg.com,1/1/2024,6,1 Springs Road
217,pbarwisebc@icq.com,12/6/2023,7,1 Schiller Way
611,rstickneybd@nbcnews.com,7/15/2023,0,38596 Lake View Crossing
651,eokibe@parallels.com,7/1/2023,4,7131 Dennis Lane
184,chumblesbf@smh.com.au,5/12/2023,8,2 Anhalt Point
723,hjandakbg@plala.or.jp,10/26/2023,2,08011 Moulton Point
714,pbastimanbh@macromedia.com,11/9/2023,8,684 Golf Pass
279,gsclaterbi@netlog.com,5/21/2023,7,98975 Mariners Cove Parkway
3,wfolomkinbj@vkontakte.ru,1/4/2024,3,569 Onsgard Avenue
990,bvanninibk@nih.gov,3/30/2024,1,75112 Fairview Hill
716,cmurisonbl@weather.com,1/9/2024,0,34 Cardinal Trail
868,hedworthyebm@posterous.com,10/6/2023,3,48 American Ash Park
325,gfippbn@huffingtonpost.com,12/22/2023,3,463 Tennessee Park
377,adanterbo@last.fm,7/12/2023,8,30731 Alpine Hill
205,yjagerbp@prlog.org,9/24/2023,8,661 Sheridan Junction
831,jmatusiakbq@apache.org,4/24/2023,3,74211 Clyde Gallagher Street
535,wseerbr@over-blog.com,6/20/2023,3,7 Brickson Park Street
256,cwinningbs@topsy.com,11/9/2023,1,002 Veith Terrace
672,ufouldesbt@dagondesign.com,3/19/2024,0,18495 Saint Paul Road
262,ageekiebu@wikispaces.com,1/10/2024,2,10775 Marquette Court
60,gomulderrigbv@xrea.com,3/31/2024,8,0 Scott Street
206,wbeyerbw@jigsy.com,2/7/2024,7,11 Lerdahl Circle
135,bbuckebx@delicious.com,8/15/2023,6,8 Nevada Place
349,dsybbeby@booking.com,1/23/2024,8,2 Union Lane
42,ffindenbz@miitbeian.gov.cn,3/31/2024,5,6790 Old Gate Hill
825,bmaffinc0@ebay.com,8/7/2023,0,915 Lakeland Point
512,rellandc1@xinhuanet.com,1/15/2024,3,64321 Orin Drive
665,mbillanyc2@friendfeed.com,4/18/2023,2,3 Mccormick Way
178,gturpiec3@dell.com,2/28/2024,1,879 Mariners Cove Drive
291,fmcrobertc4@linkedin.com,12/30/2023,5,9601 Iowa Drive
882,sthistletonc5@ucla.edu,9/13/2023,5,92 Karstens Lane
145,twelburnc6@netvibes.com,8/22/2023,3,0133 Sloan Way
178,ihealksc7@virginia.edu,10/4/2023,0,3 Vahlen Plaza
979,rksandrac8@rediff.com,4/22/2023,8,60074 Sundown Crossing
16,nleacyc9@zimbio.com,4/7/2024,1,91 Moose Crossing
893,elettsca@umn.edu,7/17/2023,1,484 John Wall Park
958,nwoodingcb@tripadvisor.com,9/20/2023,8,3 Chinook Trail
756,ddawburycc@comsenz.com,5/27/2023,8,6901 Merrick Terrace
686,mdundridgecd@comcast.net,11/9/2023,1,92795 Waywood Junction
795,ndurtnalce@studiopress.com,12/13/2023,5,74998 Dapin Center
56,ssudycf@1und1.de,9/11/2023,6,255 East Drive
264,cborrowmancg@phoca.cz,6/6/2023,7,07 Macpherson Road
101,fstreetleych@apple.com,5/21/2023,8,316 Crowley Court
862,roleninci@soup.io,4/12/2023,5,89091 Paget Road
217,clangcastlecj@ovh.net,9/27/2023,5,218 Myrtle Alley
172,dpearnck@chron.com,1/1/2024,5,04 Claremont Hill
63,didlecl@ycombinator.com,8/4/2023,2,353 Walton Place
569,thaylettcm@psu.edu,11/15/2023,8,807 Crest Line Way
513,pkubistacn@ucoz.ru,10/23/2023,8,7 Crownhardt Hill
229,gbaxstarco@geocities.com,8/1/2023,5,5 Macpherson Road
405,cwhereatcp@hubpages.com,11/1/2023,1,22754 Nova Circle
604,tsindallcq@cafepress.com,12/15/2023,7,78268 Upham Road
944,hnewcombecr@prnewswire.com,10/9/2023,6,0037 Old Gate Crossing
699,nbrandenbergcs@va.gov,5/10/2023,2,08 Warbler Parkway
210,ddufallct@jalbum.net,2/18/2024,8,850 Morning Hill
371,ksutherbycu@dot.gov,8/15/2023,5,46722 Goodland Trail
728,breecv@histats.com,3/31/2024,2,91 John Wall Drive
385,mmclanaghancw@1688.com,8/7/2023,0,28 Corry Center
468,screamencx@php.net,7/2/2023,8,53112 Red Cloud Junction
741,wstiffcy@blogs.com,8/26/2023,1,73 Lakewood Court
866,iidacz@engadget.com,5/13/2023,3,50 Spenser Hill
201,mmaddoxd0@ifeng.com,4/23/2023,8,72300 Dottie Terrace
103,hplevend1@paginegialle.it,9/25/2023,4,23957 Derek Junction
970,ctongsd2@phoca.cz,1/9/2024,5,86360 Moose Street
347,mvasilechkod3@comsenz.com,12/26/2023,1,3 Roxbury Center
479,rpeddend4@goo.ne.jp,7/30/2023,6,3 Vahlen Junction
492,lmcculloghd5@discuz.net,3/13/2024,2,9 Elgar Crossing
343,mwandend6@fotki.com,6/16/2023,4,7 Pleasure Crossing
352,kmanderd7@sciencedaily.com,2/17/2024,1,6935 Jana Court
748,melcoatd8@goo.ne.jp,1/4/2024,3,23 Raven Road
86,gwoodroofed9@ycombinator.com,12/27/2023,8,89650 Clarendon Terrace
507,tcasseda@sitemeter.com,7/8/2023,8,71980 Bunker Hill Crossing
65,bbrocklehurstdb@uiuc.edu,8/3/2023,4,47 Basil Circle
479,gchurchlowdc@google.it,10/9/2023,0,15 Packers Terrace
322,ashrubbdd@taobao.com,10/22/2023,7,97311 Independence Center
237,bbeckhousede@github.io,1/31/2024,3,496 Canary Crossing
299,sketleydf@woothemes.com,1/23/2024,3,467 Independence Place
432,swinmilldg@reverbnation.com,12/6/2023,6,33 Sugar Place
327,fbaradeldh@bluehost.com,10/11/2023,3,457 Pennsylvania Hill
847,lerangydi@fema.gov,2/17/2024,5,3 Schiller Plaza
654,aabbottsdj@virginia.edu,8/28/2023,5,54834 Dahle Road
949,bpinadk@edublogs.org,10/11/2023,1,9299 Mayfield Circle
680,astarbeckdl@webs.com,10/27/2023,1,18405 Pearson Crossing
758,tzanellidm@dyndns.org,10/15/2023,7,63694 Fuller Point
250,fledingtondn@blinklist.com,11/10/2023,6,3 Carioca Center
336,cedwickedo@dagondesign.com,7/13/2023,7,049 Gina Circle
342,agowanlockdp@unc.edu,12/8/2023,7,21 Weeping Birch Parkway
496,htitmusdq@jalbum.net,3/17/2024,6,88 Bashford Street
316,vdemkowiczdr@wikipedia.org,8/18/2023,6,7416 Pleasure Road
426,bboheyds@artisteer.com,7/22/2023,8,115 Lien Parkway
902,bdehooghdt@wordpress.org,10/6/2023,1,00 Duke Center
214,dmonsondu@google.com,5/24/2023,3,3 Havey Alley
750,mrosentholerdv@arstechnica.com,1/31/2024,4,6797 Northwestern Drive
21,gmacdermotdw@ox.ac.uk,9/3/2023,2,92 Sullivan Avenue
572,vsayledx@163.com,8/28/2023,5,8843 Bellgrove Parkway
274,peastgatedy@twitpic.com,12/20/2023,5,9427 Donald Trail
752,mfellisdz@furl.net,3/14/2024,5,060 Debra Way
204,cwoodinge0@theatlantic.com,5/8/2023,6,76716 Montana Point
44,hfairhalle1@sfgate.com,2/20/2024,4,3875 Orin Trail
147,hkleinplatze2@ted.com,2/20/2024,6,42401 Pawling Hill
685,gbackhurste3@cbc.ca,11/27/2023,7,87 Dovetail Crossing
862,mmouatte4@whitehouse.gov,5/20/2023,1,5 Summer Ridge Court
776,esineye5@mediafire.com,9/7/2023,7,8884 Alpine Alley
868,jmacguffiee6@angelfire.com,5/19/2023,3,6271 Texas Avenue
544,csaddletone7@dion.ne.jp,8/2/2023,6,5 Mockingbird Terrace
744,rpestore8@g.co,12/5/2023,6,03374 Fair Oaks Terrace
842,seallese9@dedecms.com,3/27/2024,2,479 Killdeer Junction
783,acraneea@columbia.edu,9/30/2023,3,777 Transport Avenue
397,abaldcockeb@about.me,7/24/2023,0,56 Hollow Ridge Circle
939,blyenyngec@mayoclinic.com,11/17/2023,7,0956 Morningstar Court
684,sjoslanded@miitbeian.gov.cn,5/15/2023,4,179 Prentice Circle
782,csynckeee@theglobeandmail.com,10/16/2023,4,532 Derek Court
646,dhurfordef@sitemeter.com,4/20/2023,7,5 Chinook Avenue
733,gtomlinseg@google.it,12/17/2023,6,1233 Longview Circle
452,agerretteh@discovery.com,5/14/2023,7,1 Scott Place
816,kcavilei@weather.com,10/24/2023,5,5971 Spenser Point
839,nscandredej@exblog.jp,6/20/2023,6,6 Dapin Hill
880,jleupoldtek@feedburner.com,10/12/2023,1,08555 Chive Junction
920,bminciel@bravesites.com,11/14/2023,0,955 Rockefeller Lane
261,rtregentem@digg.com,5/14/2023,0,20 International Circle
184,gtomasonien@admin.ch,11/22/2023,5,3476 Reinke Plaza
747,aocannavaneo@vistaprint.com,7/9/2023,8,19 Springs Plaza
628,riacobassiep@ucla.edu,11/7/2023,7,93 Norway Maple Road
42,fantosikeq@microsoft.com,10/10/2023,7,7709 Helena Court
397,sesserer@reddit.com,2/2/2024,0,0205 Atwood Place
186,bmurselles@rambler.ru,7/24/2023,1,68371 Golf View Park
24,tfranciottiet@flickr.com,6/25/2023,0,61707 Canary Crossing
202,gleroyeu@state.gov,7/9/2023,1,7 Meadow Vale Park
38,fokiev@plala.or.jp,8/13/2023,4,8 Logan Street
576,ylambertsew@jugem.jp,11/19/2023,7,74775 Sunbrook Plaza
60,qjalesex@yahoo.co.jp,10/8/2023,7,0339 Utah Way
211,zkneeey@shutterfly.com,2/28/2024,0,891 4th Terrace
489,kclemensez@va.gov,10/1/2023,0,1 Maple Wood Center
96,ofairclifff0@foxnews.com,6/16/2023,5,409 Buena Vista Alley
395,lguilfordf1@trellian.com,10/16/2023,0,60170 Utah Crossing
666,clittlefieldf2@about.me,2/14/2024,8,48 Lakeland Junction
817,ccullrfordf3@java.com,11/13/2023,7,1 Blackbird Avenue
91,ayeuletf4@instagram.com,1/2/2024,6,433 Shasta Avenue
384,arippinf5@example.com,6/27/2023,1,5436 Clove Crossing
586,lfuidgef6@mlb.com,4/8/2023,1,78439 Jenifer Drive
866,mdigglef7@thetimes.co.uk,4/6/2024,3,5950 Jenifer Center
191,pcouvetf8@springer.com,8/12/2023,8,8 Warbler Pass
124,pmattheisf9@google.ca,10/3/2023,0,6049 Ramsey Circle
326,jhollingsbeefa@hp.com,3/11/2024,0,6 Meadow Vale Junction
960,gtuttonfb@adobe.com,3/15/2024,1,64425 Maryland Circle
318,eriepfc@washington.edu,10/18/2023,6,95263 Mosinee Alley
593,cfoisterfd@51.la,1/14/2024,8,54379 Lindbergh Junction
463,hfallowsfe@latimes.com,11/19/2023,1,407 Maple Wood Parkway
938,jbettsff@sitemeter.com,5/9/2023,8,11 Memorial Street
294,qwessellfg@macromedia.com,12/14/2023,3,57 New Castle Lane
828,gsleanyfh@japanpost.jp,8/11/2023,1,29 Helena Place
511,ahindenburgfi@ycombinator.com,6/12/2023,6,41 Havey Point
307,rsmailefj@t.co,3/21/2024,1,05 Prentice Court
858,srhymesfk@gnu.org,5/5/2023,2,35 Maple Wood Hill
209,hwestnedgefl@sphinn.com,1/27/2024,0,14 Fairview Court
955,spennazzifm@java.com,9/24/2023,2,98271 Thompson Alley
190,jradmerfn@shutterfly.com,2/18/2024,8,9481 Butterfield Hill
168,ootoolefo@xing.com,7/10/2023,7,61 Anthes Junction
194,vdrakesfp@bigcartel.com,4/10/2023,1,7871 Mesta Drive
982,enurdinfq@pen.io,2/24/2024,2,481 Kropf Trail
24,mkincadefr@apple.com,6/27/2023,1,43143 Morning Alley
159,lsimionfs@digg.com,4/19/2023,5,1 Onsgard Court
17,abosleyft@biglobe.ne.jp,9/8/2023,4,9507 Maryland Alley
293,bwesthofffu@fema.gov,6/13/2023,2,8711 Stoughton Parkway
343,flammersfv@hostgator.com,6/12/2023,1,78 Carpenter Park
660,gsambidgefw@hugedomains.com,9/14/2023,0,2 Amoth Court
544,athirtlefx@bing.com,6/22/2023,5,7163 Milwaukee Street
884,fgregolfy@wikimedia.org,9/13/2023,1,9 Holy Cross Street
569,sstrephanfz@oakley.com,11/26/2023,5,6 Lakewood Street
1000,kablesong0@wunderground.com,7/19/2023,6,9722 Kenwood Place
616,mtuffeyg1@dailymotion.com,12/16/2023,6,2012 Summit Plaza
357,wmcclintockg2@wunderground.com,6/30/2023,5,2 Elgar Hill
117,mhanscomeg3@yellowpages.com,4/5/2024,6,655 Moulton Parkway
781,smayersg4@hugedomains.com,1/3/2024,8,766 Longview Road
761,wbartloszg5@nyu.edu,3/31/2024,0,0 Tennessee Plaza
616,gdaethg6@opera.com,2/10/2024,7,467 Cody Crossing
252,mgaisfordg7@chron.com,1/10/2024,3,73 Lakewood Center
203,bmarreg8@squarespace.com,11/2/2023,4,0 Sherman Drive
625,ehalwellg9@prnewswire.com,8/1/2023,4,600 Pearson Court
640,mpulhamga@umich.edu,12/16/2023,2,21 Ruskin Drive
52,flisciandrigb@tiny.cc,11/19/2023,0,457 Lotheville Plaza
405,atimlingc@alexa.com,10/26/2023,0,56 Harper Parkway
91,rklagemangd@cbc.ca,6/5/2023,7,0 Maywood Drive
544,dpleadenge@uol.com.br,6/20/2023,1,78621 Moulton Drive
443,gcopestakegf@etsy.com,10/17/2023,0,089 Bobwhite Court
948,mchristleygg@paginegialle.it,5/21/2023,7,05 Crest Line Lane
708,rbarhamsgh@timesonline.co.uk,8/9/2023,0,71 Browning Crossing
847,tmckellengi@answers.com,8/28/2023,0,0981 Pepper Wood Terrace
158,dpayzegj@pbs.org,9/2/2023,0,1 Dwight Street
865,msidegk@livejournal.com,5/8/2023,0,4 Prentice Place
247,etrehearnegl@about.me,10/19/2023,8,2260 Reinke Point
878,rhaburnegm@fda.gov,2/29/2024,8,61832 Kennedy Point
839,afetterplacegn@weibo.com,10/19/2023,7,05 Muir Terrace
364,lphillcoxgo@google.fr,10/7/2023,4,4995 Rutledge Lane
167,asuttygp@economist.com,12/3/2023,1,788 Texas Pass
209,mharnorgq@wired.com,11/9/2023,3,5 Rutledge Road
208,dfeeleygr@bbc.co.uk,11/8/2023,4,5138 Mallard Drive
219,gfollittgs@sakura.ne.jp,3/7/2024,5,927 Westend Crossing
96,mfarrygt@ning.com,6/4/2023,3,822 Fallview Court
159,hdaubneygu@ucoz.com,1/27/2024,1,8 Reinke Street
918,acubingv@google.co.jp,5/8/2023,0,8263 Eggendart Pass
381,pswindlehurstgw@sphinn.com,9/20/2023,0,29 Trailsway Park
20,btibblesgx@blogs.com,8/20/2023,3,1287 Drewry Drive
780,dnettlegy@weebly.com,3/30/2024,8,2595 Haas Road
886,prenyardgz@house.gov,8/30/2023,1,432 Jenifer Plaza
938,gclementeth0@cafepress.com,3/26/2024,3,73 Grim Road
792,cnormandaleh1@ed.gov,9/28/2023,3,455 Thompson Pass
157,sbecarrah2@deliciousdays.com,4/3/2024,7,925 Farwell Avenue
562,tfitzpatrickh3@naver.com,10/5/2023,0,3 Scofield Street
341,auzellih4@weebly.com,11/20/2023,7,587 Darwin Terrace
113,dhumbieh5@eepurl.com,11/14/2023,4,373 Spaight Way
892,rhillinh6@forbes.com,9/2/2023,5,979 Dexter Street
232,rkleeh7@ow.ly,11/7/2023,1,6949 Cardinal Plaza
167,lgraffhamh8@admin.ch,2/12/2024,0,2978 Carioca Hill
458,ehowseh9@engadget.com,8/21/2023,4,5 Division Road
834,rsouthwardha@theguardian.com,7/29/2023,7,03 Kim Lane
313,npavolinihb@tripadvisor.com,4/28/2023,5,4 Melvin Place
719,gkeunehc@yellowbook.com,4/5/2024,4,3795 Talmadge Hill
904,aaloshechkinhd@histats.com,11/8/2023,6,3952 Lukken Trail
352,ghedauhe@edublogs.org,4/11/2023,7,0100 Trailsway Parkway
392,phaseleyhf@bandcamp.com,5/29/2023,0,68684 Valley Edge Circle
874,sparlothg@istockphoto.com,8/22/2023,6,4352 Crescent Oaks Crossing
441,bcheshirhh@nps.gov,11/29/2023,1,3376 Kim Trail
49,epaliserhi@baidu.com,12/5/2023,1,945 Forest Run Circle
629,boganesianhj@xing.com,6/28/2023,2,5 Loeprich Junction
102,hmccallhk@flickr.com,9/28/2023,0,9989 Acker Plaza
728,mdowtyhl@princeton.edu,2/15/2024,6,3665 Loomis Plaza
207,cscallanhm@wp.com,6/25/2023,5,7216 Susan Drive
31,bdicksonhn@mozilla.com,6/24/2023,0,9 Rieder Lane
523,tgibbsho@nationalgeographic.com,2/16/2024,3,49752 Havey Court
791,ddanielshp@redcross.org,6/2/2023,4,8611 Westridge Place
118,mcaliforniahq@pen.io,7/12/2023,0,7193 Bobwhite Parkway
181,ofranssenhr@cornell.edu,6/3/2023,3,53 Rockefeller Street
532,rthalmannhs@tinypic.com,8/11/2023,1,246 North Court
286,apaxmanht@so-net.ne.jp,6/3/2023,1,29 Caliangt Center
916,whayseyhu@squarespace.com,4/1/2024,8,35432 Charing Cross Pass
460,ceverillhv@hexun.com,1/25/2024,4,88 Forest Dale Place
524,lpettithw@google.it,10/31/2023,2,175 Hoard Point
668,bhardeshx@weibo.com,11/10/2023,2,67 Warbler Crossing
390,kdesouzahy@gnu.org,3/21/2024,0,3 Doe Crossing Point
184,gwiddowfieldhz@lulu.com,11/16/2023,1,5023 Ridge Oak Trail
619,cfaivrei0@photobucket.com,5/15/2023,2,1 Wayridge Circle
576,moneilli1@elegantthemes.com,9/6/2023,3,34 Carioca Avenue
332,fdenisevichi2@cargocollective.com,5/11/2023,2,781 School Pass
706,nzorzinii3@plala.or.jp,8/23/2023,3,92690 Gale Drive
548,rdunki4@springer.com,12/3/2023,8,0 Sherman Plaza
388,ldonneelyi5@reverbnation.com,9/5/2023,8,5340 Meadow Ridge Trail
738,mikinsi6@foxnews.com,4/11/2023,2,1 Dwight Center
913,afannoni7@so-net.ne.jp,12/2/2023,6,0724 Pine View Lane
405,apitkethlyi8@macromedia.com,7/18/2023,8,95 Prentice Junction
622,cdunseathi9@businessinsider.com,10/29/2023,4,79254 5th Way
852,apickoveria@hud.gov,7/15/2023,8,91 Anthes Trail
588,bjeannetib@over-blog.com,12/25/2023,8,8786 Lighthouse Bay Trail
477,emanthroppeic@xing.com,5/19/2023,4,10153 Oak Drive
170,rkuschkeid@guardian.co.uk,9/20/2023,7,43 Ramsey Crossing
345,gcootsie@bizjournals.com,3/29/2024,7,93 Northfield Street
373,wcrookshankif@marriott.com,11/24/2023,1,8668 Monica Street
412,spascoeig@state.gov,7/12/2023,6,5820 Merrick Crossing
766,psimmoniteih@mayoclinic.com,5/7/2023,6,527 Randy Terrace
380,mmardeeii@dailymail.co.uk,11/10/2023,7,41 Thackeray Plaza
68,nshawdforthij@squidoo.com,2/1/2024,4,33 Buhler Center
206,prydingsik@123-reg.co.uk,11/10/2023,0,30902 Farragut Court
143,wgellanil@hud.gov,12/5/2023,7,63 Redwing Drive
395,gsilmanim@posterous.com,8/8/2023,3,16338 Bunting Drive
602,agromleyin@vistaprint.com,10/12/2023,3,2 Helena Terrace
198,gschonfeldio@hp.com,9/9/2023,5,3865 Mayfield Circle
165,dwizip@jigsy.com,7/27/2023,3,67646 Rieder Trail
358,rgallaccioiq@tumblr.com,1/22/2024,7,220 Bashford Hill
590,gprofferir@howstuffworks.com,5/14/2023,5,52008 Arkansas Plaza
611,lhoodspethis@cmu.edu,6/7/2023,5,737 Dapin Junction
161,asamudioit@sbwire.com,1/25/2024,5,0285 Harbort Way
749,bdenzilowiu@wordpress.com,9/20/2023,7,37225 Northfield Drive
328,abeynkeiv@godaddy.com,7/11/2023,7,56093 Oneill Road
989,pansticeiw@domainmarket.com,1/21/2024,8,46241 Scofield Hill
943,dshakeshaftix@nba.com,12/24/2023,1,0302 Schiller Road
639,hroblouiy@networksolutions.com,12/1/2023,3,7063 Golf View Plaza
548,grickeardiz@mediafire.com,10/26/2023,2,3 Almo Center
879,amcquarriej0@amazon.co.uk,2/4/2024,7,3 Holmberg Drive
889,cnettleshipj1@ycombinator.com,1/12/2024,2,5174 Gateway Trail
571,gbaynhamj2@soundcloud.com,9/7/2023,1,14690 Forest Point
849,ypirazzij3@zimbio.com,3/17/2024,7,68 Rigney Crossing
379,epringj4@hao123.com,8/20/2023,4,415 Daystar Place
465,kweinhamj5@prnewswire.com,8/23/2023,8,3497 Ruskin Point
849,ohurchej6@booking.com,10/8/2023,8,7 Swallow Point
659,vmcreynoldsj7@printfriendly.com,5/31/2023,7,59847 Tennyson Parkway
147,acranmerej8@biglobe.ne.jp,10/16/2023,3,0 Florence Alley
37,jskellenj9@gov.uk,7/18/2023,5,37 Norway Maple Avenue
640,bhubanja@forbes.com,5/26/2023,3,903 Redwing Road
861,cfuncheonjb@google.es,7/7/2023,3,88147 Sommers Court
139,abeldamjc@ftc.gov,2/4/2024,1,88534 Redwing Alley
909,lwheatlandjd@flickr.com,2/22/2024,5,403 Autumn Leaf Alley
197,dmounsieje@paginegialle.it,10/23/2023,0,64486 Redwing Road
535,dnorthalljf@skyrock.com,11/19/2023,5,87926 Mesta Avenue
671,mpendridjg@delicious.com,9/23/2023,0,99 Marquette Junction
431,hmapplethorpejh@bizjournals.com,9/18/2023,2,12455 Del Sol Road
448,sscamerdineji@nature.com,4/24/2023,1,3 Trailsway Alley
922,wdimblebyjj@cbslocal.com,2/16/2024,8,756 Kropf Parkway
634,einstonjk@nih.gov,10/14/2023,2,85534 Prentice Junction
376,gbourgourjl@merriam-webster.com,8/16/2023,8,8209 Express Point
574,fkennewayjm@symantec.com,9/6/2023,3,7 Warner Lane
893,btrailljn@marriott.com,3/2/2024,2,0 Reindahl Parkway
462,nbailesjo@parallels.com,4/29/2023,6,9 6th Terrace
284,nkrabbejp@irs.gov,7/6/2023,5,821 Hansons Park
264,cdudeneyjq@si.edu,11/28/2023,7,97 Elgar Place
973,bodeejr@edublogs.org,9/19/2023,2,79943 Harper Terrace
564,ballabartonjs@howstuffworks.com,4/23/2023,1,70 Fordem Alley
429,hbulstrodejt@about.me,2/18/2024,8,429 Merchant Crossing
318,jpatiseju@cnn.com,9/25/2023,7,81661 West Lane
233,tstruysjv@skype.com,8/23/2023,7,32 Melody Center
83,ehastinjw@sitemeter.com,4/30/2023,7,0382 Maywood Park
690,gbodicamjx@accuweather.com,3/5/2024,3,2096 Clemons Court
735,lbothbiejy@de.vu,2/22/2024,4,95 Bluestem Road
751,igarbuttjz@google.com,1/24/2024,5,66354 Muir Center
332,emorseyk0@independent.co.uk,4/19/2023,0,46 Valley Edge Road
658,cambroixk1@japanpost.jp,12/4/2023,5,13302 Dottie Plaza
79,bblunkettk2@ftc.gov,11/4/2023,3,2 Annamark Hill
954,jguestek3@godaddy.com,1/17/2024,3,696 Londonderry Street
484,arosbothamk4@godaddy.com,1/31/2024,6,7002 Melby Junction
621,ischmidtk5@nbcnews.com,6/1/2023,4,97815 Mallard Drive
479,nposselowk6@deliciousdays.com,11/29/2023,8,81186 American Lane
944,pmcarleyk7@artisteer.com,7/22/2023,1,52626 Dixon Center
860,pprierk8@eepurl.com,9/15/2023,1,2895 West Place
565,kpynnk9@si.edu,11/9/2023,2,2932 Nova Center
739,soviseka@goodreads.com,1/21/2024,5,65 Blue Bill Park Alley
933,mkeedwellkb@behance.net,7/19/2023,3,0348 Tony Pass
88,ndillicatekc@desdev.cn,1/29/2024,3,27 Lawn Alley
920,nbarnsdalekd@jugem.jp,4/19/2023,6,77 Colorado Street
50,sjeaneske@seesaa.net,8/17/2023,0,5 Katie Lane
453,nradclyffekf@abc.net.au,5/17/2023,1,6768 Springview Drive
597,sayllettkg@blogspot.com,9/25/2023,0,57 Burrows Plaza
682,lmedlerkh@usatoday.com,9/25/2023,5,19836 Eastlawn Court
592,jjacopki@youku.com,3/2/2024,6,53 Oakridge Way
634,ldowkj@dedecms.com,8/15/2023,6,4727 Oakridge Lane
224,arockliffekk@prlog.org,10/17/2023,3,8843 Steensland Junction
462,npitmankl@accuweather.com,5/25/2023,8,9006 Sheridan Point
340,candreichikkm@ebay.com,9/18/2023,7,27776 Logan Plaza
627,fcraigiekn@umich.edu,10/13/2023,4,7 Jenifer Park
993,yellwandko@google.de,12/2/2023,6,62703 Mariners Cove Circle
192,sliveseykp@mozilla.com,10/4/2023,7,78 Golf Park
789,mtrayfordkq@scribd.com,4/26/2023,4,9789 Vernon Lane
262,mrobionkr@qq.com,3/13/2024,0,343 Mallory Point
976,jgiraudotks@altervista.org,4/28/2023,2,82532 Independence Terrace
583,dgummorykt@over-blog.com,4/4/2024,3,5 Sundown Alley
779,pdeareku@state.gov,5/17/2023,2,8 Cardinal Park
779,hmorrowkv@noaa.gov,9/12/2023,5,0 Harbort Center
840,kmichellekw@slate.com,1/9/2024,0,67741 Prairie Rose Junction
519,gtantrumkx@rakuten.co.jp,5/13/2023,2,436 Grayhawk Circle
55,gbroxupky@godaddy.com,10/19/2023,7,64 Holy Cross Point
492,sambroiskz@cnn.com,3/15/2024,1,63312 Longview Pass
117,mpaulel0@reuters.com,9/19/2023,4,5 Southridge Lane
507,djoirisl1@bbc.co.uk,7/6/2023,6,0 Menomonie Crossing
426,ahamlynl2@google.com,2/16/2024,1,6 Valley Edge Center
500,pswadenl3@weather.com,4/23/2023,1,87835 Sundown Road
593,vtollerfieldl4@yandex.ru,2/4/2024,5,5552 Meadow Valley Alley
117,tcomstyl5@techcrunch.com,6/14/2023,0,9672 Oneill Circle
574,ddiggensl6@webnode.com,10/6/2023,5,27123 Quincy Street
380,jworvilll7@webmd.com,11/15/2023,3,525 Victoria Junction
457,tlinguardl8@dropbox.com,6/4/2023,3,25 Waywood Avenue
158,fattwaterl9@gnu.org,7/17/2023,4,4473 Eliot Junction
584,urihala@cafepress.com,10/24/2023,0,5 Manley Lane
526,sgoveylb@digg.com,12/29/2023,3,97 Knutson Road
203,cenokssonlc@umich.edu,2/15/2024,1,5649 Hermina Alley
326,ibuxseyld@webeden.co.uk,6/9/2023,8,8 Esch Point
463,jtruggianle@ustream.tv,2/3/2024,7,892 Doe Crossing Drive
974,sbranscombelf@moonfruit.com,4/25/2023,5,6480 Mesta Terrace
597,vmasdenlg@unc.edu,4/17/2023,3,2124 Basil Terrace
934,mshilitonlh@unicef.org,6/11/2023,8,182 Glendale Center
103,swithnallli@parallels.com,5/15/2023,4,445 Union Road
574,edevaenlj@senate.gov,6/13/2023,2,8 Mifflin Place
220,ksanslk@godaddy.com,3/7/2024,0,88 Everett Pass
352,gcousinll@multiply.com,1/2/2024,4,62561 Eastlawn Lane
397,tmatteaulm@hao123.com,3/24/2024,3,84181 Mayer Terrace
368,sbignellln@salon.com,9/15/2023,8,14692 Briar Crest Road
811,dcorkelllo@vk.com,5/21/2023,1,102 Continental Circle
918,zgrahlmanlp@ehow.com,3/16/2024,4,21 Oriole Parkway
885,itallantlq@studiopress.com,4/9/2023,0,258 Sutherland Avenue
830,jbownelr@4shared.com,9/13/2023,0,0315 Arkansas Point
149,sspybyls@epa.gov,2/20/2024,5,07 Westridge Pass
108,vmirrleeslt@dell.com,6/22/2023,8,3240 Fremont Parkway
644,djeskinlu@spiegel.de,6/1/2023,5,83 Rigney Way
367,llevershalv@addtoany.com,7/26/2023,6,6220 Troy Park
360,kcopellolw@sbwire.com,2/17/2024,7,52 Melby Hill
206,pcoarelx@w3.org,5/4/2023,7,39455 Novick Center
399,psinncockly@goo.ne.jp,3/21/2024,0,3207 Lakewood Gardens Parkway
887,bternentlz@ca.gov,8/7/2023,4,44 Straubel Circle
161,krobinsonm0@ucsd.edu,1/10/2024,6,98 Park Meadow Road
448,bbuftonm1@amazon.co.jp,3/14/2024,1,2 Sachs Alley
787,rchatresm2@nature.com,1/20/2024,1,15 Rigney Junction
140,ltrusem3@ocn.ne.jp,10/29/2023,5,6 Prairieview Way
113,lotleym4@indiegogo.com,12/29/2023,6,9 Roxbury Trail
844,mgiraudoum5@geocities.jp,2/19/2024,5,7 Sutteridge Crossing
712,cgouldthorpm6@wikimedia.org,1/19/2024,6,4 Utah Parkway
76,grosternem7@google.fr,2/11/2024,3,16054 Knutson Circle
296,srevenm8@bbc.co.uk,10/8/2023,2,917 Hoepker Road
298,nmadgwickm9@twitpic.com,11/5/2023,8,86 Hoepker Junction
905,lblackneyma@boston.com,7/10/2023,7,37303 Talisman Park
400,pmartinamb@foxnews.com,7/14/2023,1,3 Crowley Avenue
49,scuxonmc@time.com,4/4/2024,4,3 Darwin Court
547,egodbymd@phpbb.com,3/20/2024,7,93 Forster Circle
915,nlightowlersme@miibeian.gov.cn,1/7/2024,4,440 American Crossing
630,gcovillmf@google.pl,2/4/2024,2,7024 Jana Center
566,cblacklermg@baidu.com,11/6/2023,4,06961 Russell Avenue
902,kfriselmh@nasa.gov,10/21/2023,5,6552 Homewood Street
494,crenniemi@unesco.org,9/19/2023,2,0955 Scoville Lane
15,lpawlettmj@edublogs.org,3/26/2024,8,2430 Charing Cross Pass
185,ftucknottmk@list-manage.com,10/27/2023,3,668 Evergreen Point
649,ckordovaml@smh.com.au,3/27/2024,8,4889 East Place
276,wcasacchiamm@comcast.net,10/25/2023,5,4769 Green Ridge Park
486,sbraddmn@berkeley.edu,3/7/2024,2,8 Merry Street
397,akittomo@cargocollective.com,9/7/2023,2,1 Kenwood Avenue
470,ibairnsfathermp@wordpress.org,8/31/2023,7,8855 Carberry Way
765,ppantermq@weather.com,11/25/2023,6,6 Pawling Center
14,gsincockmr@plala.or.jp,2/20/2024,6,2532 Bunting Drive
896,jtackettms@over-blog.com,8/28/2023,7,889 Schiller Center
936,tblasikmt@unesco.org,5/17/2023,0,305 Luster Trail
959,growattmu@dagondesign.com,11/7/2023,4,5 Straubel Alley
113,dfeehelymv@youtu.be,6/17/2023,4,4 Browning Drive
721,kaspreymw@amazonaws.com,7/20/2023,1,7 Cordelia Terrace
277,rewanmx@mtv.com,5/5/2023,2,40 Eggendart Hill
778,tkohtermy@canalblog.com,12/10/2023,8,75 Boyd Center
318,jraspisonmz@google.com.hk,5/12/2023,6,9386 Marcy Junction
26,lkalahern0@dmoz.org,7/16/2023,2,90 Colorado Crossing
709,eadolphinen1@comsenz.com,11/8/2023,1,3342 Blackbird Plaza
757,abarrouxn2@guardian.co.uk,5/16/2023,1,66 Porter Avenue
458,bsproulen3@mozilla.com,5/20/2023,0,66 Helena Parkway
413,ewitteringn4@theglobeandmail.com,6/29/2023,1,75 Debs Center
712,rshafton5@example.com,2/18/2024,2,328 Holy Cross Park
108,ctomikn6@paginegialle.it,10/13/2023,1,3353 Grayhawk Center
849,kmcluckien7@imageshack.us,7/28/2023,7,1 Marcy Circle
337,mshuggn8@jiathis.com,9/7/2023,7,5 Anniversary Park
506,sscatcharn9@tinypic.com,5/2/2023,3,223 Randy Circle
493,nmaskillna@ocn.ne.jp,8/8/2023,0,79228 Utah Parkway
150,gairenb@msu.edu,12/22/2023,0,116 Hudson Trail
914,rlinsteadnc@blog.com,12/14/2023,6,66 North Avenue
538,pkohtlernd@oakley.com,12/14/2023,8,584 Victoria Avenue
483,kgellionne@telegraph.co.uk,10/11/2023,3,93264 Oxford Point
549,gogelbenf@globo.com,1/1/2024,7,525 Killdeer Junction
936,dlicciarding@utexas.edu,6/28/2023,3,6407 Walton Point
770,kgilbeenh@nytimes.com,12/23/2023,1,3678 Westridge Circle
274,wdorseyni@cmu.edu,9/3/2023,2,36 Maywood Circle
881,nkervinnj@wix.com,2/29/2024,0,59 Pleasure Terrace
646,katwillnk@craigslist.org,10/22/2023,6,7659 Aberg Terrace
737,hmarsynl@t-online.de,7/7/2023,6,5102 Dahle Drive
999,ddalrymplenm@facebook.com,3/30/2024,0,2 Gulseth Place
513,bdukelownn@samsung.com,11/28/2023,0,4 Moulton Alley
765,mdominguezno@twitpic.com,11/18/2023,5,37 Anhalt Junction
17,jmayberrynp@mlb.com,11/19/2023,2,22592 Westend Hill
567,nsenoglesnq@tmall.com,3/27/2024,5,74 Blaine Point
995,rbrobynnr@admin.ch,2/12/2024,4,93 Algoma Parkway
855,dpancoastns@wired.com,4/7/2024,0,5 Fairfield Avenue
676,jsattinnt@army.mil,1/13/2024,4,9570 Mifflin Trail
584,achatwinnu@altervista.org,7/29/2023,7,0901 Sachtjen Court
984,sfaintnv@livejournal.com,10/28/2023,8,6 Kinsman Center
104,aseegarnw@geocities.jp,6/10/2023,5,7 Westridge Road
548,ehopewellnx@wsj.com,8/10/2023,8,58852 Scott Avenue
751,ptelezhkinny@fc2.com,7/22/2023,5,31 Jenifer Road
600,rhinchamnz@businessweek.com,12/15/2023,7,512 John Wall Hill
627,mswaleso0@friendfeed.com,3/28/2024,0,65 Fordem Avenue
532,bweedeno1@hao123.com,9/27/2023,8,3 Schmedeman Place
314,bfawkso2@jimdo.com,6/29/2023,7,8882 Bowman Circle
46,dhuxleyo3@foxnews.com,8/11/2023,4,902 Carpenter Pass
921,shaydno4@amazon.co.jp,2/24/2024,0,650 Birchwood Junction
660,rbaumeo5@issuu.com,12/2/2023,1,9 Pleasure Crossing
506,dwinwrighto6@bing.com,12/20/2023,2,25 Towne Plaza
189,scasillaso7@tripadvisor.com,9/8/2023,2,743 Melrose Street
447,amcniveno8@cnet.com,10/4/2023,6,334 Montana Alley
758,nshmyro9@newyorker.com,8/31/2023,3,08 Cherokee Road
793,dbarlesoa@symantec.com,11/20/2023,8,5759 Cottonwood Junction
7,mdurbinob@hhs.gov,3/3/2024,6,15 Pleasure Hill
41,tbrittanoc@buzzfeed.com,10/26/2023,5,7 Rieder Terrace
55,lfellmanod@parallels.com,2/15/2024,8,668 Jackson Road
534,saddersonoe@nba.com,8/16/2023,5,35696 Fuller Alley
315,dmckeeversof@instagram.com,9/26/2023,6,2983 Dennis Avenue
393,odurtnalog@huffingtonpost.com,5/18/2023,5,624 Kings Street
858,ckornackioh@boston.com,4/23/2023,6,21 Del Sol Point
371,fgratrixoi@creativecommons.org,8/2/2023,7,6157 Oriole Plaza
784,feykeloj@alibaba.com,8/17/2023,1,347 Cody Alley
238,cromanskiok@ed.gov,5/13/2023,4,90 Everett Pass
695,fkubikol@aol.com,11/12/2023,2,60 Forster Lane
376,ebaskwellom@mac.com,3/20/2024,4,8739 Vera Trail
581,ktaillanton@webnode.com,5/13/2023,8,5174 Esker Center
381,sjordinoo@reverbnation.com,5/26/2023,2,2193 3rd Road
323,bousbyop@ucoz.com,12/12/2023,2,4818 4th Point
292,bburstoweoq@businessinsider.com,6/3/2023,7,7452 Judy Circle
187,scamblinor@ftc.gov,1/23/2024,8,43 Forest Place
672,nonolandos@intel.com,8/6/2023,1,642 Straubel Road
634,cmerrinot@is.gd,7/3/2023,7,2 Kennedy Pass
481,aoglesou@indiegogo.com,9/9/2023,4,0 Pankratz Point
747,dosanov@nifty.com,1/23/2024,1,7701 Fair Oaks Hill
299,jslocketow@ask.com,6/5/2023,8,8151 Arkansas Street
278,fosmantox@mapquest.com,5/29/2023,8,40446 Waxwing Point
594,kbarlieoy@independent.co.uk,8/13/2023,0,0032 Portage Terrace
580,kcockilloz@tripadvisor.com,4/2/2024,3,111 Rusk Alley
434,pboyanp0@apple.com,10/9/2023,0,04188 Iowa Road
219,dshilletop1@smh.com.au,3/6/2024,2,908 Harper Crossing
905,nalsobrookp2@e-recht24.de,1/10/2024,3,50 Farwell Court
147,ebalintp3@hubpages.com,1/25/2024,4,94517 Raven Road
346,chayfordp4@state.gov,7/10/2023,3,37 Sheridan Alley
113,iclymerp5@home.pl,2/7/2024,3,185 Morning Point
252,mmetterickp6@china.com.cn,11/25/2023,0,067 Texas Center
405,bcussenp7@nymag.com,11/19/2023,8,22 Buhler Road
369,slavrinovp8@tamu.edu,9/30/2023,2,1497 Grayhawk Park
680,jbrambleyp9@state.gov,8/18/2023,5,1729 Mayer Point
670,nwhilespa@dell.com,2/7/2024,3,7779 Thackeray Trail
85,bolivellopb@usatoday.com,3/22/2024,8,5 Hooker Court
333,bhoultonpc@sciencedaily.com,1/1/2024,3,41711 Golf Place
133,vgowarpd@cargocollective.com,1/8/2024,3,26728 Tennyson Pass
183,ewisonpe@gizmodo.com,2/21/2024,7,423 Artisan Hill
877,tbiggenpf@aol.com,5/19/2023,6,7479 Lyons Terrace
883,nbaldinipg@fda.gov,11/7/2023,4,60521 Pine View Avenue
178,vshelbourneph@hubpages.com,12/28/2023,0,25 Lakewood Gardens Terrace
90,acroydenpi@businesswire.com,2/8/2024,0,84355 Melby Crossing
370,gpoteburypj@altervista.org,8/15/2023,5,40836 Maple Park
321,ploospk@dagondesign.com,10/4/2023,2,98 Riverside Street
774,ahubertpl@blogger.com,1/5/2024,0,701 East Point
546,cchatenierpm@shop-pro.jp,5/27/2023,5,6586 Emmet Terrace
696,rtappingpn@wix.com,7/1/2023,0,50 Bashford Circle
274,vfirpopo@examiner.com,12/29/2023,7,643 Lakeland Park
11,pmcgeepp@godaddy.com,6/4/2023,1,857 Bartelt Hill
26,aellerbeckpq@theatlantic.com,5/30/2023,2,463 Merry Road
327,lscarcepr@wsj.com,2/17/2024,0,2 7th Avenue
204,kdouganps@freewebs.com,4/21/2023,6,626 Lunder Trail
52,saseypt@parallels.com,3/29/2024,8,1770 Golf Trail
292,jbalkpu@cmu.edu,2/5/2024,4,14366 Roxbury Lane
386,mreinhardtpv@stumbleupon.com,5/10/2023,0,63 Pawling Road
614,bcrowcombepw@linkedin.com,7/19/2023,3,0 Harbort Hill
685,ndoddspx@printfriendly.com,12/29/2023,7,40803 Heffernan Plaza
498,zboggspy@163.com,5/1/2023,4,6067 Ruskin Lane
575,nsmartmanpz@imgur.com,2/12/2024,3,3 Weeping Birch Street
652,jcolamq0@redcross.org,4/10/2023,7,08937 Reinke Pass
146,ekerinq1@quantcast.com,9/17/2023,5,1 Forest Dale Lane
267,ymatzkeq2@un.org,9/24/2023,4,86 Washington Pass
51,gcuellq3@statcounter.com,5/1/2023,1,2 Gulseth Plaza
309,vpatricheq4@elegantthemes.com,12/3/2023,4,149 Schiller Place
765,gcyplesq5@ftc.gov,10/11/2023,3,7696 Lunder Terrace
935,sshyreq6@buzzfeed.com,11/26/2023,0,523 Mesta Terrace
298,emelbournq7@google.co.uk,5/10/2023,2,3 Bonner Place
459,dvallerineq8@gizmodo.com,5/3/2023,7,08188 Hollow Ridge Court
496,mmarriageq9@weibo.com,5/14/2023,3,245 Sunfield Drive
295,ledelheitqa@businesswire.com,9/9/2023,0,53 East Court
334,ibelinqb@bizjournals.com,12/22/2023,2,64 Becker Street
177,arolesqc@unc.edu,4/27/2023,8,03 Parkside Circle
825,mfrediqd@craigslist.org,5/28/2023,6,47518 Independence Point
264,slucasqe@posterous.com,9/16/2023,2,276 Steensland Court
246,rsyradqf@hibu.com,7/5/2023,7,4 Shopko Point
308,kickeringillqg@sphinn.com,4/4/2024,3,6 Kropf Lane
668,opesterqh@drupal.org,3/13/2024,5,94 Westridge Street
438,nweatherupqi@de.vu,9/20/2023,2,16 Ludington Avenue
279,ajouenqj@blogtalkradio.com,5/14/2023,5,78780 Lakeland Crossing
565,mdermottqk@tmall.com,11/13/2023,1,73490 Stoughton Plaza
856,dminihaneql@biglobe.ne.jp,3/13/2024,7,5 Iowa Center
209,daristideqm@wufoo.com,3/11/2024,5,70 Hanson Street
345,lantonuttiqn@liveinternet.ru,1/29/2024,3,21075 Oriole Junction
415,pexleyqo@w3.org,8/10/2023,0,30414 Reindahl Trail
35,mcranidgeqp@istockphoto.com,3/4/2024,4,71 Boyd Avenue
501,edowberqq@creativecommons.org,5/17/2023,2,8 Linden Plaza
935,mpratchettqr@creativecommons.org,9/8/2023,4,63 Ramsey Circle
259,jpardonqs@infoseek.co.jp,11/11/2023,1,2 Larry Trail
218,abernardouxqt@foxnews.com,2/22/2024,0,967 Arizona Trail
161,winmettqu@barnesandnoble.com,1/31/2024,2,3 Mockingbird Plaza
366,ltudhopeqv@hc360.com,1/15/2024,5,6 Lien Plaza
277,mplomqw@newsvine.com,12/25/2023,4,1567 Sachtjen Way
434,rfaslerqx@qq.com,10/17/2023,4,55055 Waywood Alley
469,dconyardqy@hao123.com,3/12/2024,6,11774 Anzinger Avenue
902,rmyersqz@usnews.com,2/29/2024,6,9403 Vera Road
95,esenyardr0@smugmug.com,2/9/2024,0,46777 Karstens Road
881,jpoultonr1@blogspot.com,7/19/2023,3,72704 Kipling Point
650,jbiggsr2@washington.edu,7/7/2023,5,5384 Browning Circle
84,ctomaszczykr3@a8.net,5/31/2023,7,6 West Center
288,ihalsor4@miitbeian.gov.cn,12/12/2023,6,18 Lakeland Drive
875,cashworthr5@wordpress.org,5/14/2023,7,68 Sloan Pass
635,asawfootr6@infoseek.co.jp,5/14/2023,4,40 Thackeray Crossing
212,abrittenr7@ed.gov,7/31/2023,0,68359 Haas Place
900,tvokinsr8@aol.com,7/6/2023,1,7052 Maryland Court
568,ksondlandr9@ihg.com,2/25/2024,6,1 Claremont Hill
731,aprendergrastra@harvard.edu,9/29/2023,7,64248 Straubel Avenue
707,rluttgerrb@shareasale.com,7/16/2023,5,31 Duke Lane
160,ssharkeyrc@dropbox.com,5/4/2023,5,2380 North Lane
31,mcowlrd@mtv.com,1/2/2024,5,75 Coolidge Hill
389,schadwinre@prnewswire.com,3/2/2024,4,4487 Butterfield Street
275,cmarrinerrf@uiuc.edu,11/5/2023,3,61310 Lukken Junction
152,kordidgerg@instagram.com,8/15/2023,6,3360 Waubesa Center
759,eyirrellrh@flavors.me,6/25/2023,6,35 Larry Crossing
721,rvintenri@eventbrite.com,3/9/2024,3,21 Graedel Way
104,southwaiterj@blogspot.com,10/14/2023,2,9 Thackeray Crossing
230,sbalfrk@google.pl,8/10/2023,5,01202 Jackson Hill
515,edallirl@paginegialle.it,9/18/2023,7,26 Mandrake Court
869,emitrikhinrm@hud.gov,9/2/2023,2,974 Westerfield Terrace
3,apemberyrn@miitbeian.gov.cn,5/24/2023,3,47235 John Wall Avenue
413,cklementro@free.fr,4/12/2023,4,6 Brown Crossing
765,swalasrp@samsung.com,10/1/2023,5,55 Warrior Center
717,tvalancerq@princeton.edu,9/11/2023,4,129 Schiller Road
300,imcallisterrr@nps.gov,3/7/2024,4,1 Hauk Court
